ISO-10303-21;
HEADER;
/* Generated by software containing ST-Developer
 * from STEP Tools, Inc. (www.steptools.com) 
 */

FILE_DESCRIPTION(
/* description */ (''),
/* implementation_level */ '2;1');

FILE_NAME(
/* name */ 'Solarpanel holder - Part A_RIGTIG.step',
/* time_stamp */ '2026-08-15T10:03:08+02:00',
/* author */ (''),
/* organization */ (''),
/* preprocessor_version */ 'ST-DEVELOPER v20.1',
/* originating_system */ 'Autodesk Translation Framework v15.8.0.0',
/* authorisation */ '');

FILE_SCHEMA (('AUTOMOTIVE_DESIGN { 1 0 10303 214 3 1 1 }'));
ENDSEC;

DATA;
#10=MECHANICAL_DESIGN_GEOMETRIC_PRESENTATION_REPRESENTATION('',(#13),#2591);
#11=SHAPE_REPRESENTATION_RELATIONSHIP('SRR','None',#2598,#12);
#12=ADVANCED_BREP_SHAPE_REPRESENTATION('',(#14),#2590);
#13=STYLED_ITEM('',(#2607),#14);
#14=MANIFOLD_SOLID_BREP('Body1',#1537);
#15=B_SPLINE_SURFACE_WITH_KNOTS('',3,3,((#2414,#2415,#2416,#2417),(#2418,
#2419,#2420,#2421),(#2422,#2423,#2424,#2425),(#2426,#2427,#2428,#2429),
(#2430,#2431,#2432,#2433)),.UNSPECIFIED.,.F.,.F.,.F.,(4,1,4),(4,4),(-2.16493489801906E-15,
0.325895722399264,0.760423352264953),(-2.11059878536799E-18,0.200000000000003),
 .UNSPECIFIED.);
#16=B_SPLINE_SURFACE_WITH_KNOTS('',3,3,((#2441,#2442,#2443,#2444),(#2445,
#2446,#2447,#2448),(#2449,#2450,#2451,#2452),(#2453,#2454,#2455,#2456),
(#2457,#2458,#2459,#2460)),.UNSPECIFIED.,.F.,.F.,.F.,(4,1,4),(4,4),(0.,
0.325895722399267,0.760423352264956),(-1.52655665885959E-16,0.200000000000001),
 .UNSPECIFIED.);
#17=B_SPLINE_CURVE_WITH_KNOTS('',3,(#2396,#2397,#2398,#2399,#2400,#2401,
#2402),.UNSPECIFIED.,.F.,.F.,(4,3,4),(0.,0.673198425769236,1.5707963267949),
 .UNSPECIFIED.);
#18=B_SPLINE_CURVE_WITH_KNOTS('',3,(#2404,#2405,#2406,#2407,#2408,#2409,
#2410),.UNSPECIFIED.,.F.,.F.,(4,3,4),(0.,0.673198425769246,1.5707963267949),
 .UNSPECIFIED.);
#19=B_SPLINE_CURVE_WITH_KNOTS('',3,(#2434,#2435,#2436,#2437,#2438,#2439,
#2440),.UNSPECIFIED.,.F.,.F.,(4,3,4),(0.,0.673198425769241,1.5707963267949),
 .UNSPECIFIED.);
#20=B_SPLINE_CURVE_WITH_KNOTS('',3,(#2461,#2462,#2463,#2464,#2465,#2466,
#2467),.UNSPECIFIED.,.F.,.F.,(4,3,4),(0.,0.897597901025653,1.5707963267949),
 .UNSPECIFIED.);
#21=FACE_BOUND('',#186,.T.);
#22=FACE_BOUND('',#187,.T.);
#23=FACE_BOUND('',#188,.T.);
#24=FACE_BOUND('',#193,.T.);
#25=FACE_BOUND('',#194,.T.);
#26=FACE_BOUND('',#195,.T.);
#27=FACE_BOUND('',#196,.T.);
#28=FACE_BOUND('',#197,.T.);
#29=FACE_BOUND('',#198,.T.);
#30=FACE_BOUND('',#208,.T.);
#31=FACE_BOUND('',#209,.T.);
#32=FACE_BOUND('',#210,.T.);
#33=FACE_BOUND('',#211,.T.);
#34=FACE_BOUND('',#212,.T.);
#35=FACE_BOUND('',#213,.T.);
#36=FACE_BOUND('',#214,.T.);
#37=FACE_BOUND('',#247,.T.);
#38=FACE_BOUND('',#248,.T.);
#39=FACE_BOUND('',#249,.T.);
#40=FACE_BOUND('',#250,.T.);
#41=FACE_BOUND('',#251,.T.);
#42=FACE_BOUND('',#252,.T.);
#43=FACE_BOUND('',#261,.T.);
#44=FACE_BOUND('',#262,.T.);
#45=FACE_BOUND('',#263,.T.);
#46=FACE_BOUND('',#288,.T.);
#47=FACE_BOUND('',#289,.T.);
#48=FACE_BOUND('',#290,.T.);
#49=FACE_BOUND('',#291,.T.);
#50=FACE_BOUND('',#292,.T.);
#51=FACE_BOUND('',#293,.T.);
#52=FACE_BOUND('',#294,.T.);
#53=PLANE('',#1554);
#54=PLANE('',#1555);
#55=PLANE('',#1561);
#56=PLANE('',#1565);
#57=PLANE('',#1571);
#58=PLANE('',#1577);
#59=PLANE('',#1578);
#60=PLANE('',#1582);
#61=PLANE('',#1586);
#62=PLANE('',#1602);
#63=PLANE('',#1605);
#64=PLANE('',#1610);
#65=PLANE('',#1611);
#66=PLANE('',#1612);
#67=PLANE('',#1613);
#68=PLANE('',#1618);
#69=PLANE('',#1619);
#70=PLANE('',#1620);
#71=PLANE('',#1621);
#72=PLANE('',#1625);
#73=PLANE('',#1627);
#74=PLANE('',#1629);
#75=PLANE('',#1631);
#76=PLANE('',#1632);
#77=PLANE('',#1634);
#78=PLANE('',#1635);
#79=PLANE('',#1637);
#80=PLANE('',#1638);
#81=PLANE('',#1639);
#82=PLANE('',#1640);
#83=PLANE('',#1641);
#84=PLANE('',#1642);
#85=PLANE('',#1647);
#86=PLANE('',#1651);
#87=PLANE('',#1652);
#88=PLANE('',#1654);
#89=PLANE('',#1663);
#90=PLANE('',#1664);
#91=PLANE('',#1665);
#92=PLANE('',#1666);
#93=PLANE('',#1667);
#94=PLANE('',#1668);
#95=PLANE('',#1669);
#96=PLANE('',#1670);
#97=PLANE('',#1671);
#98=PLANE('',#1672);
#99=PLANE('',#1673);
#100=PLANE('',#1674);
#101=PLANE('',#1679);
#102=PLANE('',#1680);
#103=FACE_OUTER_BOUND('',#183,.T.);
#104=FACE_OUTER_BOUND('',#184,.T.);
#105=FACE_OUTER_BOUND('',#185,.T.);
#106=FACE_OUTER_BOUND('',#189,.T.);
#107=FACE_OUTER_BOUND('',#190,.T.);
#108=FACE_OUTER_BOUND('',#191,.T.);
#109=FACE_OUTER_BOUND('',#192,.T.);
#110=FACE_OUTER_BOUND('',#199,.T.);
#111=FACE_OUTER_BOUND('',#200,.T.);
#112=FACE_OUTER_BOUND('',#201,.T.);
#113=FACE_OUTER_BOUND('',#202,.T.);
#114=FACE_OUTER_BOUND('',#203,.T.);
#115=FACE_OUTER_BOUND('',#204,.T.);
#116=FACE_OUTER_BOUND('',#205,.T.);
#117=FACE_OUTER_BOUND('',#206,.T.);
#118=FACE_OUTER_BOUND('',#207,.T.);
#119=FACE_OUTER_BOUND('',#215,.T.);
#120=FACE_OUTER_BOUND('',#216,.T.);
#121=FACE_OUTER_BOUND('',#217,.T.);
#122=FACE_OUTER_BOUND('',#218,.T.);
#123=FACE_OUTER_BOUND('',#219,.T.);
#124=FACE_OUTER_BOUND('',#220,.T.);
#125=FACE_OUTER_BOUND('',#221,.T.);
#126=FACE_OUTER_BOUND('',#222,.T.);
#127=FACE_OUTER_BOUND('',#223,.T.);
#128=FACE_OUTER_BOUND('',#224,.T.);
#129=FACE_OUTER_BOUND('',#225,.T.);
#130=FACE_OUTER_BOUND('',#226,.T.);
#131=FACE_OUTER_BOUND('',#227,.T.);
#132=FACE_OUTER_BOUND('',#228,.T.);
#133=FACE_OUTER_BOUND('',#229,.T.);
#134=FACE_OUTER_BOUND('',#230,.T.);
#135=FACE_OUTER_BOUND('',#231,.T.);
#136=FACE_OUTER_BOUND('',#232,.T.);
#137=FACE_OUTER_BOUND('',#233,.T.);
#138=FACE_OUTER_BOUND('',#234,.T.);
#139=FACE_OUTER_BOUND('',#235,.T.);
#140=FACE_OUTER_BOUND('',#236,.T.);
#141=FACE_OUTER_BOUND('',#237,.T.);
#142=FACE_OUTER_BOUND('',#238,.T.);
#143=FACE_OUTER_BOUND('',#239,.T.);
#144=FACE_OUTER_BOUND('',#240,.T.);
#145=FACE_OUTER_BOUND('',#241,.T.);
#146=FACE_OUTER_BOUND('',#242,.T.);
#147=FACE_OUTER_BOUND('',#243,.T.);
#148=FACE_OUTER_BOUND('',#244,.T.);
#149=FACE_OUTER_BOUND('',#245,.T.);
#150=FACE_OUTER_BOUND('',#246,.T.);
#151=FACE_OUTER_BOUND('',#253,.T.);
#152=FACE_OUTER_BOUND('',#254,.T.);
#153=FACE_OUTER_BOUND('',#255,.T.);
#154=FACE_OUTER_BOUND('',#256,.T.);
#155=FACE_OUTER_BOUND('',#257,.T.);
#156=FACE_OUTER_BOUND('',#258,.T.);
#157=FACE_OUTER_BOUND('',#259,.T.);
#158=FACE_OUTER_BOUND('',#260,.T.);
#159=FACE_OUTER_BOUND('',#264,.T.);
#160=FACE_OUTER_BOUND('',#265,.T.);
#161=FACE_OUTER_BOUND('',#266,.T.);
#162=FACE_OUTER_BOUND('',#267,.T.);
#163=FACE_OUTER_BOUND('',#268,.T.);
#164=FACE_OUTER_BOUND('',#269,.T.);
#165=FACE_OUTER_BOUND('',#270,.T.);
#166=FACE_OUTER_BOUND('',#271,.T.);
#167=FACE_OUTER_BOUND('',#272,.T.);
#168=FACE_OUTER_BOUND('',#273,.T.);
#169=FACE_OUTER_BOUND('',#274,.T.);
#170=FACE_OUTER_BOUND('',#275,.T.);
#171=FACE_OUTER_BOUND('',#276,.T.);
#172=FACE_OUTER_BOUND('',#277,.T.);
#173=FACE_OUTER_BOUND('',#278,.T.);
#174=FACE_OUTER_BOUND('',#279,.T.);
#175=FACE_OUTER_BOUND('',#280,.T.);
#176=FACE_OUTER_BOUND('',#281,.T.);
#177=FACE_OUTER_BOUND('',#282,.T.);
#178=FACE_OUTER_BOUND('',#283,.T.);
#179=FACE_OUTER_BOUND('',#284,.T.);
#180=FACE_OUTER_BOUND('',#285,.T.);
#181=FACE_OUTER_BOUND('',#286,.T.);
#182=FACE_OUTER_BOUND('',#287,.T.);
#183=EDGE_LOOP('',(#1005,#1006,#1007,#1008));
#184=EDGE_LOOP('',(#1009,#1010,#1011,#1012,#1013));
#185=EDGE_LOOP('',(#1014,#1015,#1016,#1017,#1018,#1019,#1020,#1021));
#186=EDGE_LOOP('',(#1022));
#187=EDGE_LOOP('',(#1023));
#188=EDGE_LOOP('',(#1024,#1025,#1026,#1027));
#189=EDGE_LOOP('',(#1028,#1029,#1030,#1031));
#190=EDGE_LOOP('',(#1032,#1033,#1034,#1035));
#191=EDGE_LOOP('',(#1036,#1037,#1038,#1039));
#192=EDGE_LOOP('',(#1040,#1041,#1042,#1043,#1044,#1045));
#193=EDGE_LOOP('',(#1046,#1047,#1048,#1049));
#194=EDGE_LOOP('',(#1050));
#195=EDGE_LOOP('',(#1051));
#196=EDGE_LOOP('',(#1052,#1053,#1054,#1055));
#197=EDGE_LOOP('',(#1056));
#198=EDGE_LOOP('',(#1057));
#199=EDGE_LOOP('',(#1058,#1059,#1060,#1061));
#200=EDGE_LOOP('',(#1062,#1063,#1064,#1065));
#201=EDGE_LOOP('',(#1066,#1067,#1068,#1069));
#202=EDGE_LOOP('',(#1070,#1071,#1072,#1073));
#203=EDGE_LOOP('',(#1074,#1075,#1076,#1077,#1078,#1079));
#204=EDGE_LOOP('',(#1080,#1081,#1082,#1083));
#205=EDGE_LOOP('',(#1084,#1085,#1086,#1087));
#206=EDGE_LOOP('',(#1088,#1089,#1090,#1091));
#207=EDGE_LOOP('',(#1092,#1093,#1094,#1095,#1096,#1097,#1098,#1099,#1100,
#1101,#1102,#1103));
#208=EDGE_LOOP('',(#1104));
#209=EDGE_LOOP('',(#1105));
#210=EDGE_LOOP('',(#1106));
#211=EDGE_LOOP('',(#1107,#1108,#1109,#1110));
#212=EDGE_LOOP('',(#1111,#1112,#1113,#1114));
#213=EDGE_LOOP('',(#1115,#1116,#1117,#1118));
#214=EDGE_LOOP('',(#1119));
#215=EDGE_LOOP('',(#1120,#1121,#1122,#1123));
#216=EDGE_LOOP('',(#1124,#1125,#1126,#1127));
#217=EDGE_LOOP('',(#1128,#1129,#1130,#1131));
#218=EDGE_LOOP('',(#1132,#1133,#1134,#1135));
#219=EDGE_LOOP('',(#1136,#1137,#1138,#1139));
#220=EDGE_LOOP('',(#1140,#1141,#1142,#1143));
#221=EDGE_LOOP('',(#1144,#1145,#1146,#1147));
#222=EDGE_LOOP('',(#1148,#1149,#1150,#1151));
#223=EDGE_LOOP('',(#1152,#1153,#1154,#1155));
#224=EDGE_LOOP('',(#1156,#1157,#1158,#1159));
#225=EDGE_LOOP('',(#1160,#1161,#1162,#1163));
#226=EDGE_LOOP('',(#1164,#1165,#1166,#1167));
#227=EDGE_LOOP('',(#1168,#1169,#1170,#1171));
#228=EDGE_LOOP('',(#1172,#1173,#1174,#1175));
#229=EDGE_LOOP('',(#1176,#1177,#1178,#1179));
#230=EDGE_LOOP('',(#1180,#1181,#1182,#1183));
#231=EDGE_LOOP('',(#1184,#1185,#1186,#1187));
#232=EDGE_LOOP('',(#1188,#1189,#1190,#1191));
#233=EDGE_LOOP('',(#1192,#1193,#1194,#1195));
#234=EDGE_LOOP('',(#1196,#1197,#1198,#1199));
#235=EDGE_LOOP('',(#1200,#1201,#1202,#1203));
#236=EDGE_LOOP('',(#1204,#1205,#1206,#1207));
#237=EDGE_LOOP('',(#1208,#1209,#1210,#1211));
#238=EDGE_LOOP('',(#1212,#1213,#1214,#1215,#1216,#1217));
#239=EDGE_LOOP('',(#1218,#1219,#1220,#1221));
#240=EDGE_LOOP('',(#1222,#1223,#1224,#1225));
#241=EDGE_LOOP('',(#1226,#1227,#1228,#1229));
#242=EDGE_LOOP('',(#1230,#1231,#1232,#1233,#1234));
#243=EDGE_LOOP('',(#1235,#1236,#1237,#1238,#1239));
#244=EDGE_LOOP('',(#1240,#1241,#1242,#1243));
#245=EDGE_LOOP('',(#1244,#1245,#1246,#1247));
#246=EDGE_LOOP('',(#1248,#1249,#1250,#1251,#1252,#1253));
#247=EDGE_LOOP('',(#1254,#1255,#1256,#1257));
#248=EDGE_LOOP('',(#1258));
#249=EDGE_LOOP('',(#1259));
#250=EDGE_LOOP('',(#1260,#1261,#1262,#1263));
#251=EDGE_LOOP('',(#1264));
#252=EDGE_LOOP('',(#1265));
#253=EDGE_LOOP('',(#1266,#1267,#1268,#1269));
#254=EDGE_LOOP('',(#1270,#1271,#1272,#1273));
#255=EDGE_LOOP('',(#1274,#1275,#1276,#1277));
#256=EDGE_LOOP('',(#1278,#1279,#1280,#1281));
#257=EDGE_LOOP('',(#1282,#1283,#1284,#1285,#1286));
#258=EDGE_LOOP('',(#1287,#1288,#1289,#1290));
#259=EDGE_LOOP('',(#1291,#1292,#1293,#1294));
#260=EDGE_LOOP('',(#1295,#1296,#1297,#1298,#1299,#1300,#1301,#1302));
#261=EDGE_LOOP('',(#1303));
#262=EDGE_LOOP('',(#1304));
#263=EDGE_LOOP('',(#1305,#1306,#1307,#1308));
#264=EDGE_LOOP('',(#1309,#1310,#1311,#1312));
#265=EDGE_LOOP('',(#1313,#1314,#1315,#1316));
#266=EDGE_LOOP('',(#1317,#1318,#1319,#1320));
#267=EDGE_LOOP('',(#1321,#1322,#1323,#1324));
#268=EDGE_LOOP('',(#1325,#1326,#1327,#1328));
#269=EDGE_LOOP('',(#1329,#1330,#1331,#1332));
#270=EDGE_LOOP('',(#1333,#1334,#1335,#1336));
#271=EDGE_LOOP('',(#1337,#1338,#1339,#1340));
#272=EDGE_LOOP('',(#1341,#1342,#1343,#1344));
#273=EDGE_LOOP('',(#1345,#1346,#1347,#1348));
#274=EDGE_LOOP('',(#1349,#1350,#1351,#1352));
#275=EDGE_LOOP('',(#1353,#1354,#1355,#1356));
#276=EDGE_LOOP('',(#1357,#1358,#1359,#1360));
#277=EDGE_LOOP('',(#1361,#1362,#1363,#1364));
#278=EDGE_LOOP('',(#1365,#1366,#1367,#1368));
#279=EDGE_LOOP('',(#1369,#1370,#1371,#1372));
#280=EDGE_LOOP('',(#1373,#1374,#1375,#1376));
#281=EDGE_LOOP('',(#1377,#1378,#1379,#1380));
#282=EDGE_LOOP('',(#1381,#1382,#1383,#1384));
#283=EDGE_LOOP('',(#1385,#1386,#1387,#1388));
#284=EDGE_LOOP('',(#1389,#1390,#1391,#1392));
#285=EDGE_LOOP('',(#1393,#1394,#1395,#1396));
#286=EDGE_LOOP('',(#1397,#1398,#1399,#1400));
#287=EDGE_LOOP('',(#1401,#1402,#1403,#1404,#1405,#1406,#1407,#1408,#1409,
#1410,#1411,#1412));
#288=EDGE_LOOP('',(#1413));
#289=EDGE_LOOP('',(#1414,#1415,#1416,#1417));
#290=EDGE_LOOP('',(#1418,#1419,#1420,#1421));
#291=EDGE_LOOP('',(#1422,#1423,#1424,#1425));
#292=EDGE_LOOP('',(#1426));
#293=EDGE_LOOP('',(#1427));
#294=EDGE_LOOP('',(#1428));
#295=LINE('',#2105,#451);
#296=LINE('',#2108,#452);
#297=LINE('',#2111,#453);
#298=LINE('',#2113,#454);
#299=LINE('',#2115,#455);
#300=LINE('',#2116,#456);
#301=LINE('',#2119,#457);
#302=LINE('',#2121,#458);
#303=LINE('',#2123,#459);
#304=LINE('',#2127,#460);
#305=LINE('',#2128,#461);
#306=LINE('',#2135,#462);
#307=LINE('',#2137,#463);
#308=LINE('',#2139,#464);
#309=LINE('',#2140,#465);
#310=LINE('',#2143,#466);
#311=LINE('',#2146,#467);
#312=LINE('',#2149,#468);
#313=LINE('',#2150,#469);
#314=LINE('',#2156,#470);
#315=LINE('',#2159,#471);
#316=LINE('',#2162,#472);
#317=LINE('',#2166,#473);
#318=LINE('',#2168,#474);
#319=LINE('',#2169,#475);
#320=LINE('',#2172,#476);
#321=LINE('',#2174,#477);
#322=LINE('',#2176,#478);
#323=LINE('',#2177,#479);
#324=LINE('',#2184,#480);
#325=LINE('',#2186,#481);
#326=LINE('',#2188,#482);
#327=LINE('',#2189,#483);
#328=LINE('',#2196,#484);
#329=LINE('',#2197,#485);
#330=LINE('',#2201,#486);
#331=LINE('',#2207,#487);
#332=LINE('',#2210,#488);
#333=LINE('',#2213,#489);
#334=LINE('',#2215,#490);
#335=LINE('',#2216,#491);
#336=LINE('',#2219,#492);
#337=LINE('',#2223,#493);
#338=LINE('',#2224,#494);
#339=LINE('',#2229,#495);
#340=LINE('',#2230,#496);
#341=LINE('',#2233,#497);
#342=LINE('',#2234,#498);
#343=LINE('',#2240,#499);
#344=LINE('',#2243,#500);
#345=LINE('',#2250,#501);
#346=LINE('',#2252,#502);
#347=LINE('',#2254,#503);
#348=LINE('',#2262,#504);
#349=LINE('',#2264,#505);
#350=LINE('',#2265,#506);
#351=LINE('',#2274,#507);
#352=LINE('',#2276,#508);
#353=LINE('',#2278,#509);
#354=LINE('',#2279,#510);
#355=LINE('',#2282,#511);
#356=LINE('',#2284,#512);
#357=LINE('',#2286,#513);
#358=LINE('',#2287,#514);
#359=LINE('',#2290,#515);
#360=LINE('',#2292,#516);
#361=LINE('',#2294,#517);
#362=LINE('',#2295,#518);
#363=LINE('',#2301,#519);
#364=LINE('',#2305,#520);
#365=LINE('',#2310,#521);
#366=LINE('',#2311,#522);
#367=LINE('',#2314,#523);
#368=LINE('',#2315,#524);
#369=LINE('',#2320,#525);
#370=LINE('',#2321,#526);
#371=LINE('',#2324,#527);
#372=LINE('',#2325,#528);
#373=LINE('',#2329,#529);
#374=LINE('',#2333,#530);
#375=LINE('',#2336,#531);
#376=LINE('',#2338,#532);
#377=LINE('',#2339,#533);
#378=LINE('',#2342,#534);
#379=LINE('',#2343,#535);
#380=LINE('',#2346,#536);
#381=LINE('',#2347,#537);
#382=LINE('',#2349,#538);
#383=LINE('',#2353,#539);
#384=LINE('',#2357,#540);
#385=LINE('',#2360,#541);
#386=LINE('',#2362,#542);
#387=LINE('',#2363,#543);
#388=LINE('',#2366,#544);
#389=LINE('',#2367,#545);
#390=LINE('',#2370,#546);
#391=LINE('',#2371,#547);
#392=LINE('',#2373,#548);
#393=LINE('',#2375,#549);
#394=LINE('',#2382,#550);
#395=LINE('',#2385,#551);
#396=LINE('',#2387,#552);
#397=LINE('',#2390,#553);
#398=LINE('',#2394,#554);
#399=LINE('',#2403,#555);
#400=LINE('',#2412,#556);
#401=LINE('',#2413,#557);
#402=LINE('',#2469,#558);
#403=LINE('',#2470,#559);
#404=LINE('',#2471,#560);
#405=LINE('',#2473,#561);
#406=LINE('',#2478,#562);
#407=LINE('',#2480,#563);
#408=LINE('',#2481,#564);
#409=LINE('',#2484,#565);
#410=LINE('',#2485,#566);
#411=LINE('',#2488,#567);
#412=LINE('',#2489,#568);
#413=LINE('',#2491,#569);
#414=LINE('',#2493,#570);
#415=LINE('',#2497,#571);
#416=LINE('',#2501,#572);
#417=LINE('',#2504,#573);
#418=LINE('',#2505,#574);
#419=LINE('',#2510,#575);
#420=LINE('',#2514,#576);
#421=LINE('',#2518,#577);
#422=LINE('',#2522,#578);
#423=LINE('',#2526,#579);
#424=LINE('',#2530,#580);
#425=LINE('',#2533,#581);
#426=LINE('',#2535,#582);
#427=LINE('',#2536,#583);
#428=LINE('',#2539,#584);
#429=LINE('',#2540,#585);
#430=LINE('',#2543,#586);
#431=LINE('',#2544,#587);
#432=LINE('',#2546,#588);
#433=LINE('',#2549,#589);
#434=LINE('',#2551,#590);
#435=LINE('',#2552,#591);
#436=LINE('',#2555,#592);
#437=LINE('',#2556,#593);
#438=LINE('',#2559,#594);
#439=LINE('',#2560,#595);
#440=LINE('',#2562,#596);
#441=LINE('',#2565,#597);
#442=LINE('',#2567,#598);
#443=LINE('',#2568,#599);
#444=LINE('',#2571,#600);
#445=LINE('',#2572,#601);
#446=LINE('',#2575,#602);
#447=LINE('',#2576,#603);
#448=LINE('',#2578,#604);
#449=LINE('',#2582,#605);
#450=LINE('',#2586,#606);
#451=VECTOR('',#1687,10.);
#452=VECTOR('',#1690,10.);
#453=VECTOR('',#1693,10.);
#454=VECTOR('',#1694,10.);
#455=VECTOR('',#1695,10.);
#456=VECTOR('',#1696,10.);
#457=VECTOR('',#1699,2.65000000000001);
#458=VECTOR('',#1700,10.);
#459=VECTOR('',#1701,2.65000000000001);
#460=VECTOR('',#1704,10.);
#461=VECTOR('',#1705,10.);
#462=VECTOR('',#1710,10.);
#463=VECTOR('',#1711,10.);
#464=VECTOR('',#1712,10.);
#465=VECTOR('',#1713,10.);
#466=VECTOR('',#1716,10.);
#467=VECTOR('',#1719,10.);
#468=VECTOR('',#1722,10.);
#469=VECTOR('',#1723,10.);
#470=VECTOR('',#1728,10.);
#471=VECTOR('',#1731,10.);
#472=VECTOR('',#1734,10.);
#473=VECTOR('',#1737,10.);
#474=VECTOR('',#1738,10.);
#475=VECTOR('',#1739,10.);
#476=VECTOR('',#1740,10.);
#477=VECTOR('',#1741,10.);
#478=VECTOR('',#1742,10.);
#479=VECTOR('',#1743,10.);
#480=VECTOR('',#1748,10.);
#481=VECTOR('',#1749,10.);
#482=VECTOR('',#1750,10.);
#483=VECTOR('',#1751,10.);
#484=VECTOR('',#1758,10.);
#485=VECTOR('',#1759,10.);
#486=VECTOR('',#1764,10.);
#487=VECTOR('',#1769,10.);
#488=VECTOR('',#1772,10.);
#489=VECTOR('',#1775,2.65);
#490=VECTOR('',#1776,10.);
#491=VECTOR('',#1777,10.);
#492=VECTOR('',#1780,10.);
#493=VECTOR('',#1783,2.65);
#494=VECTOR('',#1784,10.);
#495=VECTOR('',#1789,10.);
#496=VECTOR('',#1790,10.);
#497=VECTOR('',#1793,2.65);
#498=VECTOR('',#1794,10.);
#499=VECTOR('',#1799,10.);
#500=VECTOR('',#1802,10.);
#501=VECTOR('',#1809,10.);
#502=VECTOR('',#1810,10.);
#503=VECTOR('',#1811,10.);
#504=VECTOR('',#1818,10.);
#505=VECTOR('',#1819,10.);
#506=VECTOR('',#1820,10.);
#507=VECTOR('',#1827,10.);
#508=VECTOR('',#1828,10.);
#509=VECTOR('',#1829,10.);
#510=VECTOR('',#1830,10.);
#511=VECTOR('',#1831,10.);
#512=VECTOR('',#1832,10.);
#513=VECTOR('',#1833,10.);
#514=VECTOR('',#1834,10.);
#515=VECTOR('',#1835,10.);
#516=VECTOR('',#1836,10.);
#517=VECTOR('',#1837,10.);
#518=VECTOR('',#1838,10.);
#519=VECTOR('',#1845,10.);
#520=VECTOR('',#1850,10.);
#521=VECTOR('',#1855,10.);
#522=VECTOR('',#1856,10.);
#523=VECTOR('',#1859,10.);
#524=VECTOR('',#1860,10.);
#525=VECTOR('',#1865,10.);
#526=VECTOR('',#1866,10.);
#527=VECTOR('',#1869,10.);
#528=VECTOR('',#1870,10.);
#529=VECTOR('',#1875,4.25000000000001);
#530=VECTOR('',#1880,4.25000000000001);
#531=VECTOR('',#1883,10.);
#532=VECTOR('',#1884,10.);
#533=VECTOR('',#1885,10.);
#534=VECTOR('',#1888,10.);
#535=VECTOR('',#1889,10.);
#536=VECTOR('',#1892,10.);
#537=VECTOR('',#1893,10.);
#538=VECTOR('',#1896,10.);
#539=VECTOR('',#1901,4.25000000000001);
#540=VECTOR('',#1906,4.25000000000001);
#541=VECTOR('',#1909,10.);
#542=VECTOR('',#1910,10.);
#543=VECTOR('',#1911,10.);
#544=VECTOR('',#1914,10.);
#545=VECTOR('',#1915,10.);
#546=VECTOR('',#1918,10.);
#547=VECTOR('',#1919,10.);
#548=VECTOR('',#1922,10.);
#549=VECTOR('',#1925,10.);
#550=VECTOR('',#1936,10.);
#551=VECTOR('',#1941,10.);
#552=VECTOR('',#1944,10.);
#553=VECTOR('',#1949,10.);
#554=VECTOR('',#1952,10.);
#555=VECTOR('',#1953,10.);
#556=VECTOR('',#1956,10.);
#557=VECTOR('',#1957,10.);
#558=VECTOR('',#1958,10.);
#559=VECTOR('',#1959,10.);
#560=VECTOR('',#1960,10.);
#561=VECTOR('',#1963,10.);
#562=VECTOR('',#1970,10.);
#563=VECTOR('',#1971,10.);
#564=VECTOR('',#1972,10.);
#565=VECTOR('',#1975,10.);
#566=VECTOR('',#1976,10.);
#567=VECTOR('',#1979,10.);
#568=VECTOR('',#1980,10.);
#569=VECTOR('',#1983,10.);
#570=VECTOR('',#1986,10.);
#571=VECTOR('',#1991,15.);
#572=VECTOR('',#1996,15.);
#573=VECTOR('',#1999,10.);
#574=VECTOR('',#2000,2.65000000000001);
#575=VECTOR('',#2009,10.);
#576=VECTOR('',#2014,10.);
#577=VECTOR('',#2021,10.);
#578=VECTOR('',#2026,2.25);
#579=VECTOR('',#2031,2.25000000000001);
#580=VECTOR('',#2036,2.25);
#581=VECTOR('',#2039,10.);
#582=VECTOR('',#2040,10.);
#583=VECTOR('',#2041,10.);
#584=VECTOR('',#2044,10.);
#585=VECTOR('',#2045,10.);
#586=VECTOR('',#2048,10.);
#587=VECTOR('',#2049,10.);
#588=VECTOR('',#2052,10.);
#589=VECTOR('',#2055,10.);
#590=VECTOR('',#2056,10.);
#591=VECTOR('',#2057,10.);
#592=VECTOR('',#2060,10.);
#593=VECTOR('',#2061,10.);
#594=VECTOR('',#2064,10.);
#595=VECTOR('',#2065,10.);
#596=VECTOR('',#2068,10.);
#597=VECTOR('',#2071,10.);
#598=VECTOR('',#2072,10.);
#599=VECTOR('',#2073,10.);
#600=VECTOR('',#2076,10.);
#601=VECTOR('',#2077,10.);
#602=VECTOR('',#2080,10.);
#603=VECTOR('',#2081,10.);
#604=VECTOR('',#2084,10.);
#605=VECTOR('',#2089,2.25000000000001);
#606=VECTOR('',#2096,10.);
#607=CIRCLE('',#1552,5.);
#608=CIRCLE('',#1553,5.);
#609=CIRCLE('',#1556,5.);
#610=CIRCLE('',#1557,15.);
#611=CIRCLE('',#1558,15.);
#612=CIRCLE('',#1560,5.);
#613=CIRCLE('',#1563,5.);
#614=CIRCLE('',#1564,5.);
#615=CIRCLE('',#1566,5.);
#616=CIRCLE('',#1567,4.25000000000001);
#617=CIRCLE('',#1568,4.25000000000001);
#618=CIRCLE('',#1569,4.25000000000001);
#619=CIRCLE('',#1570,4.25000000000001);
#620=CIRCLE('',#1573,5.);
#621=CIRCLE('',#1575,5.);
#622=CIRCLE('',#1576,5.);
#623=CIRCLE('',#1579,5.);
#624=CIRCLE('',#1581,5.);
#625=CIRCLE('',#1584,5.);
#626=CIRCLE('',#1585,5.);
#627=CIRCLE('',#1587,83.5);
#628=CIRCLE('',#1588,5.);
#629=CIRCLE('',#1589,5.);
#630=CIRCLE('',#1590,83.5);
#631=CIRCLE('',#1591,5.);
#632=CIRCLE('',#1592,2.25);
#633=CIRCLE('',#1593,2.25000000000001);
#634=CIRCLE('',#1594,2.25);
#635=CIRCLE('',#1595,2.25000000000001);
#636=CIRCLE('',#1597,83.5);
#637=CIRCLE('',#1599,5.);
#638=CIRCLE('',#1601,5.);
#639=CIRCLE('',#1604,5.);
#640=CIRCLE('',#1607,4.25000000000001);
#641=CIRCLE('',#1609,4.25000000000001);
#642=CIRCLE('',#1615,4.25000000000001);
#643=CIRCLE('',#1617,4.25000000000001);
#644=CIRCLE('',#1623,4.);
#645=CIRCLE('',#1624,4.);
#646=CIRCLE('',#1626,2.);
#647=CIRCLE('',#1628,2.);
#648=CIRCLE('',#1644,15.);
#649=CIRCLE('',#1646,15.);
#650=CIRCLE('',#1649,4.00000000000005);
#651=CIRCLE('',#1650,4.00000000000001);
#652=CIRCLE('',#1653,2.00000000000001);
#653=CIRCLE('',#1655,2.00000000000001);
#654=CIRCLE('',#1658,2.25);
#655=CIRCLE('',#1660,2.25000000000001);
#656=CIRCLE('',#1662,2.25);
#657=CIRCLE('',#1676,2.25000000000001);
#658=CIRCLE('',#1678,83.5);
#659=VERTEX_POINT('',#2101);
#660=VERTEX_POINT('',#2102);
#661=VERTEX_POINT('',#2104);
#662=VERTEX_POINT('',#2106);
#663=VERTEX_POINT('',#2110);
#664=VERTEX_POINT('',#2112);
#665=VERTEX_POINT('',#2114);
#666=VERTEX_POINT('',#2118);
#667=VERTEX_POINT('',#2120);
#668=VERTEX_POINT('',#2122);
#669=VERTEX_POINT('',#2124);
#670=VERTEX_POINT('',#2126);
#671=VERTEX_POINT('',#2129);
#672=VERTEX_POINT('',#2131);
#673=VERTEX_POINT('',#2133);
#674=VERTEX_POINT('',#2134);
#675=VERTEX_POINT('',#2136);
#676=VERTEX_POINT('',#2138);
#677=VERTEX_POINT('',#2142);
#678=VERTEX_POINT('',#2144);
#679=VERTEX_POINT('',#2148);
#680=VERTEX_POINT('',#2152);
#681=VERTEX_POINT('',#2153);
#682=VERTEX_POINT('',#2155);
#683=VERTEX_POINT('',#2157);
#684=VERTEX_POINT('',#2161);
#685=VERTEX_POINT('',#2163);
#686=VERTEX_POINT('',#2165);
#687=VERTEX_POINT('',#2167);
#688=VERTEX_POINT('',#2170);
#689=VERTEX_POINT('',#2171);
#690=VERTEX_POINT('',#2173);
#691=VERTEX_POINT('',#2175);
#692=VERTEX_POINT('',#2178);
#693=VERTEX_POINT('',#2180);
#694=VERTEX_POINT('',#2182);
#695=VERTEX_POINT('',#2183);
#696=VERTEX_POINT('',#2185);
#697=VERTEX_POINT('',#2187);
#698=VERTEX_POINT('',#2190);
#699=VERTEX_POINT('',#2192);
#700=VERTEX_POINT('',#2195);
#701=VERTEX_POINT('',#2199);
#702=VERTEX_POINT('',#2203);
#703=VERTEX_POINT('',#2204);
#704=VERTEX_POINT('',#2206);
#705=VERTEX_POINT('',#2208);
#706=VERTEX_POINT('',#2212);
#707=VERTEX_POINT('',#2214);
#708=VERTEX_POINT('',#2218);
#709=VERTEX_POINT('',#2220);
#710=VERTEX_POINT('',#2222);
#711=VERTEX_POINT('',#2226);
#712=VERTEX_POINT('',#2227);
#713=VERTEX_POINT('',#2232);
#714=VERTEX_POINT('',#2236);
#715=VERTEX_POINT('',#2237);
#716=VERTEX_POINT('',#2239);
#717=VERTEX_POINT('',#2241);
#718=VERTEX_POINT('',#2245);
#719=VERTEX_POINT('',#2247);
#720=VERTEX_POINT('',#2249);
#721=VERTEX_POINT('',#2251);
#722=VERTEX_POINT('',#2253);
#723=VERTEX_POINT('',#2255);
#724=VERTEX_POINT('',#2257);
#725=VERTEX_POINT('',#2259);
#726=VERTEX_POINT('',#2261);
#727=VERTEX_POINT('',#2263);
#728=VERTEX_POINT('',#2266);
#729=VERTEX_POINT('',#2268);
#730=VERTEX_POINT('',#2270);
#731=VERTEX_POINT('',#2272);
#732=VERTEX_POINT('',#2273);
#733=VERTEX_POINT('',#2275);
#734=VERTEX_POINT('',#2277);
#735=VERTEX_POINT('',#2280);
#736=VERTEX_POINT('',#2281);
#737=VERTEX_POINT('',#2283);
#738=VERTEX_POINT('',#2285);
#739=VERTEX_POINT('',#2288);
#740=VERTEX_POINT('',#2289);
#741=VERTEX_POINT('',#2291);
#742=VERTEX_POINT('',#2293);
#743=VERTEX_POINT('',#2296);
#744=VERTEX_POINT('',#2299);
#745=VERTEX_POINT('',#2303);
#746=VERTEX_POINT('',#2307);
#747=VERTEX_POINT('',#2308);
#748=VERTEX_POINT('',#2313);
#749=VERTEX_POINT('',#2317);
#750=VERTEX_POINT('',#2318);
#751=VERTEX_POINT('',#2323);
#752=VERTEX_POINT('',#2327);
#753=VERTEX_POINT('',#2331);
#754=VERTEX_POINT('',#2335);
#755=VERTEX_POINT('',#2337);
#756=VERTEX_POINT('',#2341);
#757=VERTEX_POINT('',#2345);
#758=VERTEX_POINT('',#2351);
#759=VERTEX_POINT('',#2355);
#760=VERTEX_POINT('',#2359);
#761=VERTEX_POINT('',#2361);
#762=VERTEX_POINT('',#2365);
#763=VERTEX_POINT('',#2369);
#764=VERTEX_POINT('',#2381);
#765=VERTEX_POINT('',#2392);
#766=VERTEX_POINT('',#2393);
#767=VERTEX_POINT('',#2395);
#768=VERTEX_POINT('',#2468);
#769=VERTEX_POINT('',#2477);
#770=VERTEX_POINT('',#2479);
#771=VERTEX_POINT('',#2483);
#772=VERTEX_POINT('',#2487);
#773=VERTEX_POINT('',#2495);
#774=VERTEX_POINT('',#2499);
#775=VERTEX_POINT('',#2503);
#776=VERTEX_POINT('',#2512);
#777=VERTEX_POINT('',#2520);
#778=VERTEX_POINT('',#2524);
#779=VERTEX_POINT('',#2528);
#780=VERTEX_POINT('',#2532);
#781=VERTEX_POINT('',#2534);
#782=VERTEX_POINT('',#2538);
#783=VERTEX_POINT('',#2542);
#784=VERTEX_POINT('',#2548);
#785=VERTEX_POINT('',#2550);
#786=VERTEX_POINT('',#2554);
#787=VERTEX_POINT('',#2558);
#788=VERTEX_POINT('',#2564);
#789=VERTEX_POINT('',#2566);
#790=VERTEX_POINT('',#2570);
#791=VERTEX_POINT('',#2574);
#792=VERTEX_POINT('',#2580);
#793=EDGE_CURVE('',#659,#660,#607,.T.);
#794=EDGE_CURVE('',#660,#661,#295,.T.);
#795=EDGE_CURVE('',#661,#662,#608,.T.);
#796=EDGE_CURVE('',#662,#659,#296,.T.);
#797=EDGE_CURVE('',#663,#662,#297,.T.);
#798=EDGE_CURVE('',#663,#664,#298,.T.);
#799=EDGE_CURVE('',#664,#665,#299,.T.);
#800=EDGE_CURVE('',#659,#665,#300,.T.);
#801=EDGE_CURVE('',#661,#666,#301,.T.);
#802=EDGE_CURVE('',#666,#667,#302,.T.);
#803=EDGE_CURVE('',#668,#667,#303,.T.);
#804=EDGE_CURVE('',#669,#668,#609,.T.);
#805=EDGE_CURVE('',#669,#670,#304,.T.);
#806=EDGE_CURVE('',#670,#663,#305,.T.);
#807=EDGE_CURVE('',#671,#671,#610,.T.);
#808=EDGE_CURVE('',#672,#672,#611,.T.);
#809=EDGE_CURVE('',#673,#674,#306,.T.);
#810=EDGE_CURVE('',#674,#675,#307,.T.);
#811=EDGE_CURVE('',#675,#676,#308,.T.);
#812=EDGE_CURVE('',#676,#673,#309,.T.);
#813=EDGE_CURVE('',#668,#677,#310,.T.);
#814=EDGE_CURVE('',#677,#678,#612,.T.);
#815=EDGE_CURVE('',#678,#669,#311,.T.);
#816=EDGE_CURVE('',#667,#679,#312,.T.);
#817=EDGE_CURVE('',#677,#679,#313,.T.);
#818=EDGE_CURVE('',#680,#681,#613,.T.);
#819=EDGE_CURVE('',#681,#682,#314,.T.);
#820=EDGE_CURVE('',#682,#683,#614,.T.);
#821=EDGE_CURVE('',#683,#680,#315,.T.);
#822=EDGE_CURVE('',#682,#684,#316,.T.);
#823=EDGE_CURVE('',#685,#684,#615,.T.);
#824=EDGE_CURVE('',#686,#685,#317,.T.);
#825=EDGE_CURVE('',#686,#687,#318,.T.);
#826=EDGE_CURVE('',#687,#683,#319,.T.);
#827=EDGE_CURVE('',#688,#689,#320,.T.);
#828=EDGE_CURVE('',#689,#690,#321,.T.);
#829=EDGE_CURVE('',#690,#691,#322,.T.);
#830=EDGE_CURVE('',#691,#688,#323,.T.);
#831=EDGE_CURVE('',#692,#692,#616,.T.);
#832=EDGE_CURVE('',#693,#693,#617,.T.);
#833=EDGE_CURVE('',#694,#695,#324,.T.);
#834=EDGE_CURVE('',#695,#696,#325,.T.);
#835=EDGE_CURVE('',#696,#697,#326,.T.);
#836=EDGE_CURVE('',#697,#694,#327,.T.);
#837=EDGE_CURVE('',#698,#698,#618,.T.);
#838=EDGE_CURVE('',#699,#699,#619,.T.);
#839=EDGE_CURVE('',#700,#681,#328,.T.);
#840=EDGE_CURVE('',#684,#700,#329,.T.);
#841=EDGE_CURVE('',#700,#701,#620,.T.);
#842=EDGE_CURVE('',#701,#685,#330,.T.);
#843=EDGE_CURVE('',#702,#703,#621,.T.);
#844=EDGE_CURVE('',#703,#704,#331,.T.);
#845=EDGE_CURVE('',#704,#705,#622,.T.);
#846=EDGE_CURVE('',#705,#702,#332,.T.);
#847=EDGE_CURVE('',#705,#706,#333,.T.);
#848=EDGE_CURVE('',#706,#707,#334,.T.);
#849=EDGE_CURVE('',#702,#707,#335,.T.);
#850=EDGE_CURVE('',#704,#708,#336,.T.);
#851=EDGE_CURVE('',#709,#708,#623,.T.);
#852=EDGE_CURVE('',#709,#710,#337,.T.);
#853=EDGE_CURVE('',#710,#706,#338,.T.);
#854=EDGE_CURVE('',#711,#712,#624,.T.);
#855=EDGE_CURVE('',#712,#709,#339,.T.);
#856=EDGE_CURVE('',#708,#711,#340,.T.);
#857=EDGE_CURVE('',#713,#712,#341,.T.);
#858=EDGE_CURVE('',#713,#710,#342,.T.);
#859=EDGE_CURVE('',#714,#715,#625,.T.);
#860=EDGE_CURVE('',#715,#716,#343,.T.);
#861=EDGE_CURVE('',#716,#717,#626,.T.);
#862=EDGE_CURVE('',#717,#714,#344,.T.);
#863=EDGE_CURVE('',#716,#718,#627,.T.);
#864=EDGE_CURVE('',#719,#718,#628,.T.);
#865=EDGE_CURVE('',#719,#720,#345,.T.);
#866=EDGE_CURVE('',#720,#721,#346,.T.);
#867=EDGE_CURVE('',#721,#722,#347,.T.);
#868=EDGE_CURVE('',#723,#722,#629,.T.);
#869=EDGE_CURVE('',#723,#724,#630,.T.);
#870=EDGE_CURVE('',#725,#724,#631,.T.);
#871=EDGE_CURVE('',#725,#726,#348,.T.);
#872=EDGE_CURVE('',#726,#727,#349,.T.);
#873=EDGE_CURVE('',#727,#717,#350,.T.);
#874=EDGE_CURVE('',#728,#728,#632,.T.);
#875=EDGE_CURVE('',#729,#729,#633,.T.);
#876=EDGE_CURVE('',#730,#730,#634,.T.);
#877=EDGE_CURVE('',#731,#732,#351,.T.);
#878=EDGE_CURVE('',#733,#731,#352,.T.);
#879=EDGE_CURVE('',#734,#733,#353,.T.);
#880=EDGE_CURVE('',#732,#734,#354,.T.);
#881=EDGE_CURVE('',#735,#736,#355,.T.);
#882=EDGE_CURVE('',#737,#735,#356,.T.);
#883=EDGE_CURVE('',#738,#737,#357,.T.);
#884=EDGE_CURVE('',#736,#738,#358,.T.);
#885=EDGE_CURVE('',#739,#740,#359,.T.);
#886=EDGE_CURVE('',#741,#739,#360,.T.);
#887=EDGE_CURVE('',#742,#741,#361,.T.);
#888=EDGE_CURVE('',#740,#742,#362,.T.);
#889=EDGE_CURVE('',#743,#743,#635,.T.);
#890=EDGE_CURVE('',#744,#715,#636,.T.);
#891=EDGE_CURVE('',#718,#744,#363,.T.);
#892=EDGE_CURVE('',#744,#745,#637,.T.);
#893=EDGE_CURVE('',#745,#719,#364,.T.);
#894=EDGE_CURVE('',#746,#747,#638,.T.);
#895=EDGE_CURVE('',#747,#723,#365,.T.);
#896=EDGE_CURVE('',#722,#746,#366,.T.);
#897=EDGE_CURVE('',#721,#748,#367,.T.);
#898=EDGE_CURVE('',#746,#748,#368,.T.);
#899=EDGE_CURVE('',#749,#750,#639,.T.);
#900=EDGE_CURVE('',#750,#725,#369,.T.);
#901=EDGE_CURVE('',#724,#749,#370,.T.);
#902=EDGE_CURVE('',#751,#750,#371,.T.);
#903=EDGE_CURVE('',#751,#726,#372,.T.);
#904=EDGE_CURVE('',#752,#752,#640,.T.);
#905=EDGE_CURVE('',#752,#699,#373,.T.);
#906=EDGE_CURVE('',#753,#753,#641,.T.);
#907=EDGE_CURVE('',#753,#698,#374,.T.);
#908=EDGE_CURVE('',#754,#694,#375,.T.);
#909=EDGE_CURVE('',#755,#754,#376,.T.);
#910=EDGE_CURVE('',#755,#695,#377,.T.);
#911=EDGE_CURVE('',#756,#755,#378,.T.);
#912=EDGE_CURVE('',#756,#696,#379,.T.);
#913=EDGE_CURVE('',#757,#756,#380,.T.);
#914=EDGE_CURVE('',#757,#697,#381,.T.);
#915=EDGE_CURVE('',#754,#757,#382,.T.);
#916=EDGE_CURVE('',#758,#758,#642,.T.);
#917=EDGE_CURVE('',#758,#693,#383,.T.);
#918=EDGE_CURVE('',#759,#759,#643,.T.);
#919=EDGE_CURVE('',#759,#692,#384,.T.);
#920=EDGE_CURVE('',#760,#688,#385,.T.);
#921=EDGE_CURVE('',#761,#760,#386,.T.);
#922=EDGE_CURVE('',#761,#689,#387,.T.);
#923=EDGE_CURVE('',#762,#761,#388,.T.);
#924=EDGE_CURVE('',#762,#690,#389,.T.);
#925=EDGE_CURVE('',#763,#762,#390,.T.);
#926=EDGE_CURVE('',#763,#691,#391,.T.);
#927=EDGE_CURVE('',#760,#763,#392,.T.);
#928=EDGE_CURVE('',#707,#713,#393,.T.);
#929=EDGE_CURVE('',#707,#721,#644,.T.);
#930=EDGE_CURVE('',#720,#713,#645,.T.);
#931=EDGE_CURVE('',#706,#748,#646,.T.);
#932=EDGE_CURVE('',#764,#720,#394,.T.);
#933=EDGE_CURVE('',#710,#764,#647,.T.);
#934=EDGE_CURVE('',#711,#703,#395,.T.);
#935=EDGE_CURVE('',#748,#764,#396,.T.);
#936=EDGE_CURVE('',#764,#745,#397,.T.);
#937=EDGE_CURVE('',#765,#766,#398,.T.);
#938=EDGE_CURVE('',#765,#767,#17,.T.);
#939=EDGE_CURVE('',#665,#767,#399,.T.);
#940=EDGE_CURVE('',#665,#766,#18,.T.);
#941=EDGE_CURVE('',#766,#701,#400,.T.);
#942=EDGE_CURVE('',#686,#766,#401,.T.);
#943=EDGE_CURVE('',#663,#686,#19,.T.);
#944=EDGE_CURVE('',#670,#687,#20,.T.);
#945=EDGE_CURVE('',#768,#670,#402,.T.);
#946=EDGE_CURVE('',#767,#768,#403,.T.);
#947=EDGE_CURVE('',#687,#765,#404,.T.);
#948=EDGE_CURVE('',#680,#765,#405,.T.);
#949=EDGE_CURVE('',#769,#673,#406,.T.);
#950=EDGE_CURVE('',#770,#769,#407,.T.);
#951=EDGE_CURVE('',#770,#674,#408,.T.);
#952=EDGE_CURVE('',#771,#770,#409,.T.);
#953=EDGE_CURVE('',#771,#675,#410,.T.);
#954=EDGE_CURVE('',#772,#771,#411,.T.);
#955=EDGE_CURVE('',#772,#676,#412,.T.);
#956=EDGE_CURVE('',#769,#772,#413,.T.);
#957=EDGE_CURVE('',#767,#678,#414,.T.);
#958=EDGE_CURVE('',#773,#773,#648,.T.);
#959=EDGE_CURVE('',#773,#672,#415,.T.);
#960=EDGE_CURVE('',#774,#774,#649,.T.);
#961=EDGE_CURVE('',#774,#671,#416,.T.);
#962=EDGE_CURVE('',#679,#775,#417,.T.);
#963=EDGE_CURVE('',#775,#660,#418,.T.);
#964=EDGE_CURVE('',#679,#727,#650,.T.);
#965=EDGE_CURVE('',#726,#775,#651,.T.);
#966=EDGE_CURVE('',#775,#666,#419,.T.);
#967=EDGE_CURVE('',#667,#776,#652,.T.);
#968=EDGE_CURVE('',#727,#776,#420,.T.);
#969=EDGE_CURVE('',#666,#751,#653,.T.);
#970=EDGE_CURVE('',#776,#751,#421,.T.);
#971=EDGE_CURVE('',#777,#777,#654,.T.);
#972=EDGE_CURVE('',#777,#728,#422,.T.);
#973=EDGE_CURVE('',#778,#778,#655,.T.);
#974=EDGE_CURVE('',#778,#729,#423,.T.);
#975=EDGE_CURVE('',#779,#779,#656,.T.);
#976=EDGE_CURVE('',#779,#730,#424,.T.);
#977=EDGE_CURVE('',#731,#780,#425,.T.);
#978=EDGE_CURVE('',#781,#780,#426,.T.);
#979=EDGE_CURVE('',#733,#781,#427,.T.);
#980=EDGE_CURVE('',#782,#781,#428,.T.);
#981=EDGE_CURVE('',#734,#782,#429,.T.);
#982=EDGE_CURVE('',#783,#782,#430,.T.);
#983=EDGE_CURVE('',#732,#783,#431,.T.);
#984=EDGE_CURVE('',#780,#783,#432,.T.);
#985=EDGE_CURVE('',#735,#784,#433,.T.);
#986=EDGE_CURVE('',#785,#784,#434,.T.);
#987=EDGE_CURVE('',#737,#785,#435,.T.);
#988=EDGE_CURVE('',#786,#785,#436,.T.);
#989=EDGE_CURVE('',#738,#786,#437,.T.);
#990=EDGE_CURVE('',#787,#786,#438,.T.);
#991=EDGE_CURVE('',#736,#787,#439,.T.);
#992=EDGE_CURVE('',#784,#787,#440,.T.);
#993=EDGE_CURVE('',#739,#788,#441,.T.);
#994=EDGE_CURVE('',#789,#788,#442,.T.);
#995=EDGE_CURVE('',#741,#789,#443,.T.);
#996=EDGE_CURVE('',#790,#789,#444,.T.);
#997=EDGE_CURVE('',#742,#790,#445,.T.);
#998=EDGE_CURVE('',#791,#790,#446,.T.);
#999=EDGE_CURVE('',#740,#791,#447,.T.);
#1000=EDGE_CURVE('',#788,#791,#448,.T.);
#1001=EDGE_CURVE('',#792,#792,#657,.T.);
#1002=EDGE_CURVE('',#792,#743,#449,.T.);
#1003=EDGE_CURVE('',#749,#747,#658,.T.);
#1004=EDGE_CURVE('',#714,#776,#450,.T.);
#1005=ORIENTED_EDGE('',*,*,#793,.T.);
#1006=ORIENTED_EDGE('',*,*,#794,.T.);
#1007=ORIENTED_EDGE('',*,*,#795,.T.);
#1008=ORIENTED_EDGE('',*,*,#796,.T.);
#1009=ORIENTED_EDGE('',*,*,#796,.F.);
#1010=ORIENTED_EDGE('',*,*,#797,.F.);
#1011=ORIENTED_EDGE('',*,*,#798,.T.);
#1012=ORIENTED_EDGE('',*,*,#799,.T.);
#1013=ORIENTED_EDGE('',*,*,#800,.F.);
#1014=ORIENTED_EDGE('',*,*,#795,.F.);
#1015=ORIENTED_EDGE('',*,*,#801,.T.);
#1016=ORIENTED_EDGE('',*,*,#802,.T.);
#1017=ORIENTED_EDGE('',*,*,#803,.F.);
#1018=ORIENTED_EDGE('',*,*,#804,.F.);
#1019=ORIENTED_EDGE('',*,*,#805,.T.);
#1020=ORIENTED_EDGE('',*,*,#806,.T.);
#1021=ORIENTED_EDGE('',*,*,#797,.T.);
#1022=ORIENTED_EDGE('',*,*,#807,.T.);
#1023=ORIENTED_EDGE('',*,*,#808,.T.);
#1024=ORIENTED_EDGE('',*,*,#809,.T.);
#1025=ORIENTED_EDGE('',*,*,#810,.T.);
#1026=ORIENTED_EDGE('',*,*,#811,.T.);
#1027=ORIENTED_EDGE('',*,*,#812,.T.);
#1028=ORIENTED_EDGE('',*,*,#804,.T.);
#1029=ORIENTED_EDGE('',*,*,#813,.T.);
#1030=ORIENTED_EDGE('',*,*,#814,.T.);
#1031=ORIENTED_EDGE('',*,*,#815,.T.);
#1032=ORIENTED_EDGE('',*,*,#813,.F.);
#1033=ORIENTED_EDGE('',*,*,#803,.T.);
#1034=ORIENTED_EDGE('',*,*,#816,.T.);
#1035=ORIENTED_EDGE('',*,*,#817,.F.);
#1036=ORIENTED_EDGE('',*,*,#818,.T.);
#1037=ORIENTED_EDGE('',*,*,#819,.T.);
#1038=ORIENTED_EDGE('',*,*,#820,.T.);
#1039=ORIENTED_EDGE('',*,*,#821,.T.);
#1040=ORIENTED_EDGE('',*,*,#820,.F.);
#1041=ORIENTED_EDGE('',*,*,#822,.T.);
#1042=ORIENTED_EDGE('',*,*,#823,.F.);
#1043=ORIENTED_EDGE('',*,*,#824,.F.);
#1044=ORIENTED_EDGE('',*,*,#825,.T.);
#1045=ORIENTED_EDGE('',*,*,#826,.T.);
#1046=ORIENTED_EDGE('',*,*,#827,.T.);
#1047=ORIENTED_EDGE('',*,*,#828,.T.);
#1048=ORIENTED_EDGE('',*,*,#829,.T.);
#1049=ORIENTED_EDGE('',*,*,#830,.T.);
#1050=ORIENTED_EDGE('',*,*,#831,.T.);
#1051=ORIENTED_EDGE('',*,*,#832,.T.);
#1052=ORIENTED_EDGE('',*,*,#833,.T.);
#1053=ORIENTED_EDGE('',*,*,#834,.T.);
#1054=ORIENTED_EDGE('',*,*,#835,.T.);
#1055=ORIENTED_EDGE('',*,*,#836,.T.);
#1056=ORIENTED_EDGE('',*,*,#837,.T.);
#1057=ORIENTED_EDGE('',*,*,#838,.T.);
#1058=ORIENTED_EDGE('',*,*,#819,.F.);
#1059=ORIENTED_EDGE('',*,*,#839,.F.);
#1060=ORIENTED_EDGE('',*,*,#840,.F.);
#1061=ORIENTED_EDGE('',*,*,#822,.F.);
#1062=ORIENTED_EDGE('',*,*,#841,.T.);
#1063=ORIENTED_EDGE('',*,*,#842,.T.);
#1064=ORIENTED_EDGE('',*,*,#823,.T.);
#1065=ORIENTED_EDGE('',*,*,#840,.T.);
#1066=ORIENTED_EDGE('',*,*,#843,.T.);
#1067=ORIENTED_EDGE('',*,*,#844,.T.);
#1068=ORIENTED_EDGE('',*,*,#845,.T.);
#1069=ORIENTED_EDGE('',*,*,#846,.T.);
#1070=ORIENTED_EDGE('',*,*,#846,.F.);
#1071=ORIENTED_EDGE('',*,*,#847,.T.);
#1072=ORIENTED_EDGE('',*,*,#848,.T.);
#1073=ORIENTED_EDGE('',*,*,#849,.F.);
#1074=ORIENTED_EDGE('',*,*,#845,.F.);
#1075=ORIENTED_EDGE('',*,*,#850,.T.);
#1076=ORIENTED_EDGE('',*,*,#851,.F.);
#1077=ORIENTED_EDGE('',*,*,#852,.T.);
#1078=ORIENTED_EDGE('',*,*,#853,.T.);
#1079=ORIENTED_EDGE('',*,*,#847,.F.);
#1080=ORIENTED_EDGE('',*,*,#854,.T.);
#1081=ORIENTED_EDGE('',*,*,#855,.T.);
#1082=ORIENTED_EDGE('',*,*,#851,.T.);
#1083=ORIENTED_EDGE('',*,*,#856,.T.);
#1084=ORIENTED_EDGE('',*,*,#855,.F.);
#1085=ORIENTED_EDGE('',*,*,#857,.F.);
#1086=ORIENTED_EDGE('',*,*,#858,.T.);
#1087=ORIENTED_EDGE('',*,*,#852,.F.);
#1088=ORIENTED_EDGE('',*,*,#859,.T.);
#1089=ORIENTED_EDGE('',*,*,#860,.T.);
#1090=ORIENTED_EDGE('',*,*,#861,.T.);
#1091=ORIENTED_EDGE('',*,*,#862,.T.);
#1092=ORIENTED_EDGE('',*,*,#861,.F.);
#1093=ORIENTED_EDGE('',*,*,#863,.T.);
#1094=ORIENTED_EDGE('',*,*,#864,.F.);
#1095=ORIENTED_EDGE('',*,*,#865,.T.);
#1096=ORIENTED_EDGE('',*,*,#866,.T.);
#1097=ORIENTED_EDGE('',*,*,#867,.T.);
#1098=ORIENTED_EDGE('',*,*,#868,.F.);
#1099=ORIENTED_EDGE('',*,*,#869,.T.);
#1100=ORIENTED_EDGE('',*,*,#870,.F.);
#1101=ORIENTED_EDGE('',*,*,#871,.T.);
#1102=ORIENTED_EDGE('',*,*,#872,.T.);
#1103=ORIENTED_EDGE('',*,*,#873,.T.);
#1104=ORIENTED_EDGE('',*,*,#874,.F.);
#1105=ORIENTED_EDGE('',*,*,#875,.F.);
#1106=ORIENTED_EDGE('',*,*,#876,.F.);
#1107=ORIENTED_EDGE('',*,*,#877,.F.);
#1108=ORIENTED_EDGE('',*,*,#878,.F.);
#1109=ORIENTED_EDGE('',*,*,#879,.F.);
#1110=ORIENTED_EDGE('',*,*,#880,.F.);
#1111=ORIENTED_EDGE('',*,*,#881,.F.);
#1112=ORIENTED_EDGE('',*,*,#882,.F.);
#1113=ORIENTED_EDGE('',*,*,#883,.F.);
#1114=ORIENTED_EDGE('',*,*,#884,.F.);
#1115=ORIENTED_EDGE('',*,*,#885,.F.);
#1116=ORIENTED_EDGE('',*,*,#886,.F.);
#1117=ORIENTED_EDGE('',*,*,#887,.F.);
#1118=ORIENTED_EDGE('',*,*,#888,.F.);
#1119=ORIENTED_EDGE('',*,*,#889,.F.);
#1120=ORIENTED_EDGE('',*,*,#860,.F.);
#1121=ORIENTED_EDGE('',*,*,#890,.F.);
#1122=ORIENTED_EDGE('',*,*,#891,.F.);
#1123=ORIENTED_EDGE('',*,*,#863,.F.);
#1124=ORIENTED_EDGE('',*,*,#892,.T.);
#1125=ORIENTED_EDGE('',*,*,#893,.T.);
#1126=ORIENTED_EDGE('',*,*,#864,.T.);
#1127=ORIENTED_EDGE('',*,*,#891,.T.);
#1128=ORIENTED_EDGE('',*,*,#894,.T.);
#1129=ORIENTED_EDGE('',*,*,#895,.T.);
#1130=ORIENTED_EDGE('',*,*,#868,.T.);
#1131=ORIENTED_EDGE('',*,*,#896,.T.);
#1132=ORIENTED_EDGE('',*,*,#896,.F.);
#1133=ORIENTED_EDGE('',*,*,#867,.F.);
#1134=ORIENTED_EDGE('',*,*,#897,.T.);
#1135=ORIENTED_EDGE('',*,*,#898,.F.);
#1136=ORIENTED_EDGE('',*,*,#899,.T.);
#1137=ORIENTED_EDGE('',*,*,#900,.T.);
#1138=ORIENTED_EDGE('',*,*,#870,.T.);
#1139=ORIENTED_EDGE('',*,*,#901,.T.);
#1140=ORIENTED_EDGE('',*,*,#900,.F.);
#1141=ORIENTED_EDGE('',*,*,#902,.F.);
#1142=ORIENTED_EDGE('',*,*,#903,.T.);
#1143=ORIENTED_EDGE('',*,*,#871,.F.);
#1144=ORIENTED_EDGE('',*,*,#904,.F.);
#1145=ORIENTED_EDGE('',*,*,#905,.T.);
#1146=ORIENTED_EDGE('',*,*,#838,.F.);
#1147=ORIENTED_EDGE('',*,*,#905,.F.);
#1148=ORIENTED_EDGE('',*,*,#906,.F.);
#1149=ORIENTED_EDGE('',*,*,#907,.T.);
#1150=ORIENTED_EDGE('',*,*,#837,.F.);
#1151=ORIENTED_EDGE('',*,*,#907,.F.);
#1152=ORIENTED_EDGE('',*,*,#833,.F.);
#1153=ORIENTED_EDGE('',*,*,#908,.F.);
#1154=ORIENTED_EDGE('',*,*,#909,.F.);
#1155=ORIENTED_EDGE('',*,*,#910,.T.);
#1156=ORIENTED_EDGE('',*,*,#834,.F.);
#1157=ORIENTED_EDGE('',*,*,#910,.F.);
#1158=ORIENTED_EDGE('',*,*,#911,.F.);
#1159=ORIENTED_EDGE('',*,*,#912,.T.);
#1160=ORIENTED_EDGE('',*,*,#835,.F.);
#1161=ORIENTED_EDGE('',*,*,#912,.F.);
#1162=ORIENTED_EDGE('',*,*,#913,.F.);
#1163=ORIENTED_EDGE('',*,*,#914,.T.);
#1164=ORIENTED_EDGE('',*,*,#836,.F.);
#1165=ORIENTED_EDGE('',*,*,#914,.F.);
#1166=ORIENTED_EDGE('',*,*,#915,.F.);
#1167=ORIENTED_EDGE('',*,*,#908,.T.);
#1168=ORIENTED_EDGE('',*,*,#916,.F.);
#1169=ORIENTED_EDGE('',*,*,#917,.T.);
#1170=ORIENTED_EDGE('',*,*,#832,.F.);
#1171=ORIENTED_EDGE('',*,*,#917,.F.);
#1172=ORIENTED_EDGE('',*,*,#918,.F.);
#1173=ORIENTED_EDGE('',*,*,#919,.T.);
#1174=ORIENTED_EDGE('',*,*,#831,.F.);
#1175=ORIENTED_EDGE('',*,*,#919,.F.);
#1176=ORIENTED_EDGE('',*,*,#827,.F.);
#1177=ORIENTED_EDGE('',*,*,#920,.F.);
#1178=ORIENTED_EDGE('',*,*,#921,.F.);
#1179=ORIENTED_EDGE('',*,*,#922,.T.);
#1180=ORIENTED_EDGE('',*,*,#828,.F.);
#1181=ORIENTED_EDGE('',*,*,#922,.F.);
#1182=ORIENTED_EDGE('',*,*,#923,.F.);
#1183=ORIENTED_EDGE('',*,*,#924,.T.);
#1184=ORIENTED_EDGE('',*,*,#829,.F.);
#1185=ORIENTED_EDGE('',*,*,#924,.F.);
#1186=ORIENTED_EDGE('',*,*,#925,.F.);
#1187=ORIENTED_EDGE('',*,*,#926,.T.);
#1188=ORIENTED_EDGE('',*,*,#830,.F.);
#1189=ORIENTED_EDGE('',*,*,#926,.F.);
#1190=ORIENTED_EDGE('',*,*,#927,.F.);
#1191=ORIENTED_EDGE('',*,*,#920,.T.);
#1192=ORIENTED_EDGE('',*,*,#928,.F.);
#1193=ORIENTED_EDGE('',*,*,#929,.T.);
#1194=ORIENTED_EDGE('',*,*,#866,.F.);
#1195=ORIENTED_EDGE('',*,*,#930,.T.);
#1196=ORIENTED_EDGE('',*,*,#848,.F.);
#1197=ORIENTED_EDGE('',*,*,#931,.T.);
#1198=ORIENTED_EDGE('',*,*,#897,.F.);
#1199=ORIENTED_EDGE('',*,*,#929,.F.);
#1200=ORIENTED_EDGE('',*,*,#858,.F.);
#1201=ORIENTED_EDGE('',*,*,#930,.F.);
#1202=ORIENTED_EDGE('',*,*,#932,.F.);
#1203=ORIENTED_EDGE('',*,*,#933,.F.);
#1204=ORIENTED_EDGE('',*,*,#844,.F.);
#1205=ORIENTED_EDGE('',*,*,#934,.F.);
#1206=ORIENTED_EDGE('',*,*,#856,.F.);
#1207=ORIENTED_EDGE('',*,*,#850,.F.);
#1208=ORIENTED_EDGE('',*,*,#853,.F.);
#1209=ORIENTED_EDGE('',*,*,#933,.T.);
#1210=ORIENTED_EDGE('',*,*,#935,.F.);
#1211=ORIENTED_EDGE('',*,*,#931,.F.);
#1212=ORIENTED_EDGE('',*,*,#843,.F.);
#1213=ORIENTED_EDGE('',*,*,#849,.T.);
#1214=ORIENTED_EDGE('',*,*,#928,.T.);
#1215=ORIENTED_EDGE('',*,*,#857,.T.);
#1216=ORIENTED_EDGE('',*,*,#854,.F.);
#1217=ORIENTED_EDGE('',*,*,#934,.T.);
#1218=ORIENTED_EDGE('',*,*,#893,.F.);
#1219=ORIENTED_EDGE('',*,*,#936,.F.);
#1220=ORIENTED_EDGE('',*,*,#932,.T.);
#1221=ORIENTED_EDGE('',*,*,#865,.F.);
#1222=ORIENTED_EDGE('',*,*,#937,.F.);
#1223=ORIENTED_EDGE('',*,*,#938,.T.);
#1224=ORIENTED_EDGE('',*,*,#939,.F.);
#1225=ORIENTED_EDGE('',*,*,#940,.T.);
#1226=ORIENTED_EDGE('',*,*,#842,.F.);
#1227=ORIENTED_EDGE('',*,*,#941,.F.);
#1228=ORIENTED_EDGE('',*,*,#942,.F.);
#1229=ORIENTED_EDGE('',*,*,#824,.T.);
#1230=ORIENTED_EDGE('',*,*,#943,.T.);
#1231=ORIENTED_EDGE('',*,*,#942,.T.);
#1232=ORIENTED_EDGE('',*,*,#940,.F.);
#1233=ORIENTED_EDGE('',*,*,#799,.F.);
#1234=ORIENTED_EDGE('',*,*,#798,.F.);
#1235=ORIENTED_EDGE('',*,*,#944,.F.);
#1236=ORIENTED_EDGE('',*,*,#945,.F.);
#1237=ORIENTED_EDGE('',*,*,#946,.F.);
#1238=ORIENTED_EDGE('',*,*,#938,.F.);
#1239=ORIENTED_EDGE('',*,*,#947,.F.);
#1240=ORIENTED_EDGE('',*,*,#821,.F.);
#1241=ORIENTED_EDGE('',*,*,#826,.F.);
#1242=ORIENTED_EDGE('',*,*,#947,.T.);
#1243=ORIENTED_EDGE('',*,*,#948,.F.);
#1244=ORIENTED_EDGE('',*,*,#825,.F.);
#1245=ORIENTED_EDGE('',*,*,#943,.F.);
#1246=ORIENTED_EDGE('',*,*,#806,.F.);
#1247=ORIENTED_EDGE('',*,*,#944,.T.);
#1248=ORIENTED_EDGE('',*,*,#818,.F.);
#1249=ORIENTED_EDGE('',*,*,#948,.T.);
#1250=ORIENTED_EDGE('',*,*,#937,.T.);
#1251=ORIENTED_EDGE('',*,*,#941,.T.);
#1252=ORIENTED_EDGE('',*,*,#841,.F.);
#1253=ORIENTED_EDGE('',*,*,#839,.T.);
#1254=ORIENTED_EDGE('',*,*,#921,.T.);
#1255=ORIENTED_EDGE('',*,*,#927,.T.);
#1256=ORIENTED_EDGE('',*,*,#925,.T.);
#1257=ORIENTED_EDGE('',*,*,#923,.T.);
#1258=ORIENTED_EDGE('',*,*,#918,.T.);
#1259=ORIENTED_EDGE('',*,*,#916,.T.);
#1260=ORIENTED_EDGE('',*,*,#909,.T.);
#1261=ORIENTED_EDGE('',*,*,#915,.T.);
#1262=ORIENTED_EDGE('',*,*,#913,.T.);
#1263=ORIENTED_EDGE('',*,*,#911,.T.);
#1264=ORIENTED_EDGE('',*,*,#906,.T.);
#1265=ORIENTED_EDGE('',*,*,#904,.T.);
#1266=ORIENTED_EDGE('',*,*,#809,.F.);
#1267=ORIENTED_EDGE('',*,*,#949,.F.);
#1268=ORIENTED_EDGE('',*,*,#950,.F.);
#1269=ORIENTED_EDGE('',*,*,#951,.T.);
#1270=ORIENTED_EDGE('',*,*,#810,.F.);
#1271=ORIENTED_EDGE('',*,*,#951,.F.);
#1272=ORIENTED_EDGE('',*,*,#952,.F.);
#1273=ORIENTED_EDGE('',*,*,#953,.T.);
#1274=ORIENTED_EDGE('',*,*,#811,.F.);
#1275=ORIENTED_EDGE('',*,*,#953,.F.);
#1276=ORIENTED_EDGE('',*,*,#954,.F.);
#1277=ORIENTED_EDGE('',*,*,#955,.T.);
#1278=ORIENTED_EDGE('',*,*,#812,.F.);
#1279=ORIENTED_EDGE('',*,*,#955,.F.);
#1280=ORIENTED_EDGE('',*,*,#956,.F.);
#1281=ORIENTED_EDGE('',*,*,#949,.T.);
#1282=ORIENTED_EDGE('',*,*,#815,.F.);
#1283=ORIENTED_EDGE('',*,*,#957,.F.);
#1284=ORIENTED_EDGE('',*,*,#946,.T.);
#1285=ORIENTED_EDGE('',*,*,#945,.T.);
#1286=ORIENTED_EDGE('',*,*,#805,.F.);
#1287=ORIENTED_EDGE('',*,*,#958,.F.);
#1288=ORIENTED_EDGE('',*,*,#959,.T.);
#1289=ORIENTED_EDGE('',*,*,#808,.F.);
#1290=ORIENTED_EDGE('',*,*,#959,.F.);
#1291=ORIENTED_EDGE('',*,*,#960,.F.);
#1292=ORIENTED_EDGE('',*,*,#961,.T.);
#1293=ORIENTED_EDGE('',*,*,#807,.F.);
#1294=ORIENTED_EDGE('',*,*,#961,.F.);
#1295=ORIENTED_EDGE('',*,*,#793,.F.);
#1296=ORIENTED_EDGE('',*,*,#800,.T.);
#1297=ORIENTED_EDGE('',*,*,#939,.T.);
#1298=ORIENTED_EDGE('',*,*,#957,.T.);
#1299=ORIENTED_EDGE('',*,*,#814,.F.);
#1300=ORIENTED_EDGE('',*,*,#817,.T.);
#1301=ORIENTED_EDGE('',*,*,#962,.T.);
#1302=ORIENTED_EDGE('',*,*,#963,.T.);
#1303=ORIENTED_EDGE('',*,*,#960,.T.);
#1304=ORIENTED_EDGE('',*,*,#958,.T.);
#1305=ORIENTED_EDGE('',*,*,#950,.T.);
#1306=ORIENTED_EDGE('',*,*,#956,.T.);
#1307=ORIENTED_EDGE('',*,*,#954,.T.);
#1308=ORIENTED_EDGE('',*,*,#952,.T.);
#1309=ORIENTED_EDGE('',*,*,#962,.F.);
#1310=ORIENTED_EDGE('',*,*,#964,.T.);
#1311=ORIENTED_EDGE('',*,*,#872,.F.);
#1312=ORIENTED_EDGE('',*,*,#965,.T.);
#1313=ORIENTED_EDGE('',*,*,#794,.F.);
#1314=ORIENTED_EDGE('',*,*,#963,.F.);
#1315=ORIENTED_EDGE('',*,*,#966,.T.);
#1316=ORIENTED_EDGE('',*,*,#801,.F.);
#1317=ORIENTED_EDGE('',*,*,#816,.F.);
#1318=ORIENTED_EDGE('',*,*,#967,.T.);
#1319=ORIENTED_EDGE('',*,*,#968,.F.);
#1320=ORIENTED_EDGE('',*,*,#964,.F.);
#1321=ORIENTED_EDGE('',*,*,#966,.F.);
#1322=ORIENTED_EDGE('',*,*,#965,.F.);
#1323=ORIENTED_EDGE('',*,*,#903,.F.);
#1324=ORIENTED_EDGE('',*,*,#969,.F.);
#1325=ORIENTED_EDGE('',*,*,#802,.F.);
#1326=ORIENTED_EDGE('',*,*,#969,.T.);
#1327=ORIENTED_EDGE('',*,*,#970,.F.);
#1328=ORIENTED_EDGE('',*,*,#967,.F.);
#1329=ORIENTED_EDGE('',*,*,#971,.F.);
#1330=ORIENTED_EDGE('',*,*,#972,.T.);
#1331=ORIENTED_EDGE('',*,*,#874,.T.);
#1332=ORIENTED_EDGE('',*,*,#972,.F.);
#1333=ORIENTED_EDGE('',*,*,#973,.F.);
#1334=ORIENTED_EDGE('',*,*,#974,.T.);
#1335=ORIENTED_EDGE('',*,*,#875,.T.);
#1336=ORIENTED_EDGE('',*,*,#974,.F.);
#1337=ORIENTED_EDGE('',*,*,#975,.F.);
#1338=ORIENTED_EDGE('',*,*,#976,.T.);
#1339=ORIENTED_EDGE('',*,*,#876,.T.);
#1340=ORIENTED_EDGE('',*,*,#976,.F.);
#1341=ORIENTED_EDGE('',*,*,#878,.T.);
#1342=ORIENTED_EDGE('',*,*,#977,.T.);
#1343=ORIENTED_EDGE('',*,*,#978,.F.);
#1344=ORIENTED_EDGE('',*,*,#979,.F.);
#1345=ORIENTED_EDGE('',*,*,#879,.T.);
#1346=ORIENTED_EDGE('',*,*,#979,.T.);
#1347=ORIENTED_EDGE('',*,*,#980,.F.);
#1348=ORIENTED_EDGE('',*,*,#981,.F.);
#1349=ORIENTED_EDGE('',*,*,#880,.T.);
#1350=ORIENTED_EDGE('',*,*,#981,.T.);
#1351=ORIENTED_EDGE('',*,*,#982,.F.);
#1352=ORIENTED_EDGE('',*,*,#983,.F.);
#1353=ORIENTED_EDGE('',*,*,#877,.T.);
#1354=ORIENTED_EDGE('',*,*,#983,.T.);
#1355=ORIENTED_EDGE('',*,*,#984,.F.);
#1356=ORIENTED_EDGE('',*,*,#977,.F.);
#1357=ORIENTED_EDGE('',*,*,#882,.T.);
#1358=ORIENTED_EDGE('',*,*,#985,.T.);
#1359=ORIENTED_EDGE('',*,*,#986,.F.);
#1360=ORIENTED_EDGE('',*,*,#987,.F.);
#1361=ORIENTED_EDGE('',*,*,#883,.T.);
#1362=ORIENTED_EDGE('',*,*,#987,.T.);
#1363=ORIENTED_EDGE('',*,*,#988,.F.);
#1364=ORIENTED_EDGE('',*,*,#989,.F.);
#1365=ORIENTED_EDGE('',*,*,#884,.T.);
#1366=ORIENTED_EDGE('',*,*,#989,.T.);
#1367=ORIENTED_EDGE('',*,*,#990,.F.);
#1368=ORIENTED_EDGE('',*,*,#991,.F.);
#1369=ORIENTED_EDGE('',*,*,#881,.T.);
#1370=ORIENTED_EDGE('',*,*,#991,.T.);
#1371=ORIENTED_EDGE('',*,*,#992,.F.);
#1372=ORIENTED_EDGE('',*,*,#985,.F.);
#1373=ORIENTED_EDGE('',*,*,#886,.T.);
#1374=ORIENTED_EDGE('',*,*,#993,.T.);
#1375=ORIENTED_EDGE('',*,*,#994,.F.);
#1376=ORIENTED_EDGE('',*,*,#995,.F.);
#1377=ORIENTED_EDGE('',*,*,#887,.T.);
#1378=ORIENTED_EDGE('',*,*,#995,.T.);
#1379=ORIENTED_EDGE('',*,*,#996,.F.);
#1380=ORIENTED_EDGE('',*,*,#997,.F.);
#1381=ORIENTED_EDGE('',*,*,#888,.T.);
#1382=ORIENTED_EDGE('',*,*,#997,.T.);
#1383=ORIENTED_EDGE('',*,*,#998,.F.);
#1384=ORIENTED_EDGE('',*,*,#999,.F.);
#1385=ORIENTED_EDGE('',*,*,#885,.T.);
#1386=ORIENTED_EDGE('',*,*,#999,.T.);
#1387=ORIENTED_EDGE('',*,*,#1000,.F.);
#1388=ORIENTED_EDGE('',*,*,#993,.F.);
#1389=ORIENTED_EDGE('',*,*,#1001,.F.);
#1390=ORIENTED_EDGE('',*,*,#1002,.T.);
#1391=ORIENTED_EDGE('',*,*,#889,.T.);
#1392=ORIENTED_EDGE('',*,*,#1002,.F.);
#1393=ORIENTED_EDGE('',*,*,#895,.F.);
#1394=ORIENTED_EDGE('',*,*,#1003,.F.);
#1395=ORIENTED_EDGE('',*,*,#901,.F.);
#1396=ORIENTED_EDGE('',*,*,#869,.F.);
#1397=ORIENTED_EDGE('',*,*,#862,.F.);
#1398=ORIENTED_EDGE('',*,*,#873,.F.);
#1399=ORIENTED_EDGE('',*,*,#968,.T.);
#1400=ORIENTED_EDGE('',*,*,#1004,.F.);
#1401=ORIENTED_EDGE('',*,*,#859,.F.);
#1402=ORIENTED_EDGE('',*,*,#1004,.T.);
#1403=ORIENTED_EDGE('',*,*,#970,.T.);
#1404=ORIENTED_EDGE('',*,*,#902,.T.);
#1405=ORIENTED_EDGE('',*,*,#899,.F.);
#1406=ORIENTED_EDGE('',*,*,#1003,.T.);
#1407=ORIENTED_EDGE('',*,*,#894,.F.);
#1408=ORIENTED_EDGE('',*,*,#898,.T.);
#1409=ORIENTED_EDGE('',*,*,#935,.T.);
#1410=ORIENTED_EDGE('',*,*,#936,.T.);
#1411=ORIENTED_EDGE('',*,*,#892,.F.);
#1412=ORIENTED_EDGE('',*,*,#890,.T.);
#1413=ORIENTED_EDGE('',*,*,#1001,.T.);
#1414=ORIENTED_EDGE('',*,*,#1000,.T.);
#1415=ORIENTED_EDGE('',*,*,#998,.T.);
#1416=ORIENTED_EDGE('',*,*,#996,.T.);
#1417=ORIENTED_EDGE('',*,*,#994,.T.);
#1418=ORIENTED_EDGE('',*,*,#992,.T.);
#1419=ORIENTED_EDGE('',*,*,#990,.T.);
#1420=ORIENTED_EDGE('',*,*,#988,.T.);
#1421=ORIENTED_EDGE('',*,*,#986,.T.);
#1422=ORIENTED_EDGE('',*,*,#984,.T.);
#1423=ORIENTED_EDGE('',*,*,#982,.T.);
#1424=ORIENTED_EDGE('',*,*,#980,.T.);
#1425=ORIENTED_EDGE('',*,*,#978,.T.);
#1426=ORIENTED_EDGE('',*,*,#975,.T.);
#1427=ORIENTED_EDGE('',*,*,#973,.T.);
#1428=ORIENTED_EDGE('',*,*,#971,.T.);
#1429=CYLINDRICAL_SURFACE('',#1551,5.);
#1430=CYLINDRICAL_SURFACE('',#1559,5.);
#1431=CYLINDRICAL_SURFACE('',#1562,5.);
#1432=CYLINDRICAL_SURFACE('',#1572,5.);
#1433=CYLINDRICAL_SURFACE('',#1574,5.);
#1434=CYLINDRICAL_SURFACE('',#1580,5.);
#1435=CYLINDRICAL_SURFACE('',#1583,5.);
#1436=CYLINDRICAL_SURFACE('',#1596,83.5);
#1437=CYLINDRICAL_SURFACE('',#1598,5.);
#1438=CYLINDRICAL_SURFACE('',#1600,5.);
#1439=CYLINDRICAL_SURFACE('',#1603,5.);
#1440=CYLINDRICAL_SURFACE('',#1606,4.25000000000001);
#1441=CYLINDRICAL_SURFACE('',#1608,4.25000000000001);
#1442=CYLINDRICAL_SURFACE('',#1614,4.25000000000001);
#1443=CYLINDRICAL_SURFACE('',#1616,4.25000000000001);
#1444=CYLINDRICAL_SURFACE('',#1622,4.);
#1445=CYLINDRICAL_SURFACE('',#1630,2.);
#1446=CYLINDRICAL_SURFACE('',#1633,3.99999999999997);
#1447=CYLINDRICAL_SURFACE('',#1636,1.99999999999994);
#1448=CYLINDRICAL_SURFACE('',#1643,15.);
#1449=CYLINDRICAL_SURFACE('',#1645,15.);
#1450=CYLINDRICAL_SURFACE('',#1648,4.00000000000004);
#1451=CYLINDRICAL_SURFACE('',#1656,2.00000000000003);
#1452=CYLINDRICAL_SURFACE('',#1657,2.25);
#1453=CYLINDRICAL_SURFACE('',#1659,2.25000000000001);
#1454=CYLINDRICAL_SURFACE('',#1661,2.25);
#1455=CYLINDRICAL_SURFACE('',#1675,2.25000000000001);
#1456=CYLINDRICAL_SURFACE('',#1677,83.5);
#1457=ADVANCED_FACE('',(#103),#1429,.T.);
#1458=ADVANCED_FACE('',(#104),#53,.F.);
#1459=ADVANCED_FACE('',(#105,#21,#22,#23),#54,.F.);
#1460=ADVANCED_FACE('',(#106),#1430,.T.);
#1461=ADVANCED_FACE('',(#107),#55,.T.);
#1462=ADVANCED_FACE('',(#108),#1431,.T.);
#1463=ADVANCED_FACE('',(#109,#24,#25,#26,#27,#28,#29),#56,.F.);
#1464=ADVANCED_FACE('',(#110),#57,.T.);
#1465=ADVANCED_FACE('',(#111),#1432,.T.);
#1466=ADVANCED_FACE('',(#112),#1433,.T.);
#1467=ADVANCED_FACE('',(#113),#58,.T.);
#1468=ADVANCED_FACE('',(#114),#59,.F.);
#1469=ADVANCED_FACE('',(#115),#1434,.T.);
#1470=ADVANCED_FACE('',(#116),#60,.T.);
#1471=ADVANCED_FACE('',(#117),#1435,.T.);
#1472=ADVANCED_FACE('',(#118,#30,#31,#32,#33,#34,#35,#36),#61,.F.);
#1473=ADVANCED_FACE('',(#119),#1436,.F.);
#1474=ADVANCED_FACE('',(#120),#1437,.T.);
#1475=ADVANCED_FACE('',(#121),#1438,.T.);
#1476=ADVANCED_FACE('',(#122),#62,.T.);
#1477=ADVANCED_FACE('',(#123),#1439,.T.);
#1478=ADVANCED_FACE('',(#124),#63,.T.);
#1479=ADVANCED_FACE('',(#125),#1440,.F.);
#1480=ADVANCED_FACE('',(#126),#1441,.F.);
#1481=ADVANCED_FACE('',(#127),#64,.F.);
#1482=ADVANCED_FACE('',(#128),#65,.F.);
#1483=ADVANCED_FACE('',(#129),#66,.F.);
#1484=ADVANCED_FACE('',(#130),#67,.F.);
#1485=ADVANCED_FACE('',(#131),#1442,.F.);
#1486=ADVANCED_FACE('',(#132),#1443,.F.);
#1487=ADVANCED_FACE('',(#133),#68,.F.);
#1488=ADVANCED_FACE('',(#134),#69,.F.);
#1489=ADVANCED_FACE('',(#135),#70,.F.);
#1490=ADVANCED_FACE('',(#136),#71,.F.);
#1491=ADVANCED_FACE('',(#137),#1444,.T.);
#1492=ADVANCED_FACE('',(#138),#72,.T.);
#1493=ADVANCED_FACE('',(#139),#73,.T.);
#1494=ADVANCED_FACE('',(#140),#74,.T.);
#1495=ADVANCED_FACE('',(#141),#1445,.F.);
#1496=ADVANCED_FACE('',(#142),#75,.T.);
#1497=ADVANCED_FACE('',(#143),#76,.T.);
#1498=ADVANCED_FACE('',(#144),#1446,.T.);
#1499=ADVANCED_FACE('',(#145),#77,.T.);
#1500=ADVANCED_FACE('',(#146),#15,.T.);
#1501=ADVANCED_FACE('',(#147),#16,.T.);
#1502=ADVANCED_FACE('',(#148),#78,.T.);
#1503=ADVANCED_FACE('',(#149),#1447,.F.);
#1504=ADVANCED_FACE('',(#150,#37,#38,#39,#40,#41,#42),#79,.T.);
#1505=ADVANCED_FACE('',(#151),#80,.F.);
#1506=ADVANCED_FACE('',(#152),#81,.F.);
#1507=ADVANCED_FACE('',(#153),#82,.F.);
#1508=ADVANCED_FACE('',(#154),#83,.F.);
#1509=ADVANCED_FACE('',(#155),#84,.F.);
#1510=ADVANCED_FACE('',(#156),#1448,.F.);
#1511=ADVANCED_FACE('',(#157),#1449,.F.);
#1512=ADVANCED_FACE('',(#158,#43,#44,#45),#85,.T.);
#1513=ADVANCED_FACE('',(#159),#1450,.T.);
#1514=ADVANCED_FACE('',(#160),#86,.T.);
#1515=ADVANCED_FACE('',(#161),#87,.T.);
#1516=ADVANCED_FACE('',(#162),#88,.T.);
#1517=ADVANCED_FACE('',(#163),#1451,.F.);
#1518=ADVANCED_FACE('',(#164),#1452,.F.);
#1519=ADVANCED_FACE('',(#165),#1453,.F.);
#1520=ADVANCED_FACE('',(#166),#1454,.F.);
#1521=ADVANCED_FACE('',(#167),#89,.T.);
#1522=ADVANCED_FACE('',(#168),#90,.T.);
#1523=ADVANCED_FACE('',(#169),#91,.T.);
#1524=ADVANCED_FACE('',(#170),#92,.T.);
#1525=ADVANCED_FACE('',(#171),#93,.T.);
#1526=ADVANCED_FACE('',(#172),#94,.T.);
#1527=ADVANCED_FACE('',(#173),#95,.T.);
#1528=ADVANCED_FACE('',(#174),#96,.T.);
#1529=ADVANCED_FACE('',(#175),#97,.T.);
#1530=ADVANCED_FACE('',(#176),#98,.T.);
#1531=ADVANCED_FACE('',(#177),#99,.T.);
#1532=ADVANCED_FACE('',(#178),#100,.T.);
#1533=ADVANCED_FACE('',(#179),#1455,.F.);
#1534=ADVANCED_FACE('',(#180),#1456,.F.);
#1535=ADVANCED_FACE('',(#181),#101,.T.);
#1536=ADVANCED_FACE('',(#182,#46,#47,#48,#49,#50,#51,#52),#102,.T.);
#1537=CLOSED_SHELL('',(#1457,#1458,#1459,#1460,#1461,#1462,#1463,#1464,
#1465,#1466,#1467,#1468,#1469,#1470,#1471,#1472,#1473,#1474,#1475,#1476,
#1477,#1478,#1479,#1480,#1481,#1482,#1483,#1484,#1485,#1486,#1487,#1488,
#1489,#1490,#1491,#1492,#1493,#1494,#1495,#1496,#1497,#1498,#1499,#1500,
#1501,#1502,#1503,#1504,#1505,#1506,#1507,#1508,#1509,#1510,#1511,#1512,
#1513,#1514,#1515,#1516,#1517,#1518,#1519,#1520,#1521,#1522,#1523,#1524,
#1525,#1526,#1527,#1528,#1529,#1530,#1531,#1532,#1533,#1534,#1535,#1536));
#1538=DERIVED_UNIT_ELEMENT(#1540,1.);
#1539=DERIVED_UNIT_ELEMENT(#2593,-3.);
#1540=(
MASS_UNIT()
NAMED_UNIT(*)
SI_UNIT(.KILO.,.GRAM.)
);
#1541=DERIVED_UNIT((#1538,#1539));
#1542=MEASURE_REPRESENTATION_ITEM('density measure',
POSITIVE_RATIO_MEASURE(7850.),#1541);
#1543=PROPERTY_DEFINITION_REPRESENTATION(#1548,#1545);
#1544=PROPERTY_DEFINITION_REPRESENTATION(#1549,#1546);
#1545=REPRESENTATION('material name',(#1547),#2590);
#1546=REPRESENTATION('density',(#1542),#2590);
#1547=DESCRIPTIVE_REPRESENTATION_ITEM('Steel','Steel');
#1548=PROPERTY_DEFINITION('material property','material name',#2600);
#1549=PROPERTY_DEFINITION('material property','density of part',#2600);
#1550=AXIS2_PLACEMENT_3D('',#2099,#1681,#1682);
#1551=AXIS2_PLACEMENT_3D('',#2100,#1683,#1684);
#1552=AXIS2_PLACEMENT_3D('',#2103,#1685,#1686);
#1553=AXIS2_PLACEMENT_3D('',#2107,#1688,#1689);
#1554=AXIS2_PLACEMENT_3D('',#2109,#1691,#1692);
#1555=AXIS2_PLACEMENT_3D('',#2117,#1697,#1698);
#1556=AXIS2_PLACEMENT_3D('',#2125,#1702,#1703);
#1557=AXIS2_PLACEMENT_3D('',#2130,#1706,#1707);
#1558=AXIS2_PLACEMENT_3D('',#2132,#1708,#1709);
#1559=AXIS2_PLACEMENT_3D('',#2141,#1714,#1715);
#1560=AXIS2_PLACEMENT_3D('',#2145,#1717,#1718);
#1561=AXIS2_PLACEMENT_3D('',#2147,#1720,#1721);
#1562=AXIS2_PLACEMENT_3D('',#2151,#1724,#1725);
#1563=AXIS2_PLACEMENT_3D('',#2154,#1726,#1727);
#1564=AXIS2_PLACEMENT_3D('',#2158,#1729,#1730);
#1565=AXIS2_PLACEMENT_3D('',#2160,#1732,#1733);
#1566=AXIS2_PLACEMENT_3D('',#2164,#1735,#1736);
#1567=AXIS2_PLACEMENT_3D('',#2179,#1744,#1745);
#1568=AXIS2_PLACEMENT_3D('',#2181,#1746,#1747);
#1569=AXIS2_PLACEMENT_3D('',#2191,#1752,#1753);
#1570=AXIS2_PLACEMENT_3D('',#2193,#1754,#1755);
#1571=AXIS2_PLACEMENT_3D('',#2194,#1756,#1757);
#1572=AXIS2_PLACEMENT_3D('',#2198,#1760,#1761);
#1573=AXIS2_PLACEMENT_3D('',#2200,#1762,#1763);
#1574=AXIS2_PLACEMENT_3D('',#2202,#1765,#1766);
#1575=AXIS2_PLACEMENT_3D('',#2205,#1767,#1768);
#1576=AXIS2_PLACEMENT_3D('',#2209,#1770,#1771);
#1577=AXIS2_PLACEMENT_3D('',#2211,#1773,#1774);
#1578=AXIS2_PLACEMENT_3D('',#2217,#1778,#1779);
#1579=AXIS2_PLACEMENT_3D('',#2221,#1781,#1782);
#1580=AXIS2_PLACEMENT_3D('',#2225,#1785,#1786);
#1581=AXIS2_PLACEMENT_3D('',#2228,#1787,#1788);
#1582=AXIS2_PLACEMENT_3D('',#2231,#1791,#1792);
#1583=AXIS2_PLACEMENT_3D('',#2235,#1795,#1796);
#1584=AXIS2_PLACEMENT_3D('',#2238,#1797,#1798);
#1585=AXIS2_PLACEMENT_3D('',#2242,#1800,#1801);
#1586=AXIS2_PLACEMENT_3D('',#2244,#1803,#1804);
#1587=AXIS2_PLACEMENT_3D('',#2246,#1805,#1806);
#1588=AXIS2_PLACEMENT_3D('',#2248,#1807,#1808);
#1589=AXIS2_PLACEMENT_3D('',#2256,#1812,#1813);
#1590=AXIS2_PLACEMENT_3D('',#2258,#1814,#1815);
#1591=AXIS2_PLACEMENT_3D('',#2260,#1816,#1817);
#1592=AXIS2_PLACEMENT_3D('',#2267,#1821,#1822);
#1593=AXIS2_PLACEMENT_3D('',#2269,#1823,#1824);
#1594=AXIS2_PLACEMENT_3D('',#2271,#1825,#1826);
#1595=AXIS2_PLACEMENT_3D('',#2297,#1839,#1840);
#1596=AXIS2_PLACEMENT_3D('',#2298,#1841,#1842);
#1597=AXIS2_PLACEMENT_3D('',#2300,#1843,#1844);
#1598=AXIS2_PLACEMENT_3D('',#2302,#1846,#1847);
#1599=AXIS2_PLACEMENT_3D('',#2304,#1848,#1849);
#1600=AXIS2_PLACEMENT_3D('',#2306,#1851,#1852);
#1601=AXIS2_PLACEMENT_3D('',#2309,#1853,#1854);
#1602=AXIS2_PLACEMENT_3D('',#2312,#1857,#1858);
#1603=AXIS2_PLACEMENT_3D('',#2316,#1861,#1862);
#1604=AXIS2_PLACEMENT_3D('',#2319,#1863,#1864);
#1605=AXIS2_PLACEMENT_3D('',#2322,#1867,#1868);
#1606=AXIS2_PLACEMENT_3D('',#2326,#1871,#1872);
#1607=AXIS2_PLACEMENT_3D('',#2328,#1873,#1874);
#1608=AXIS2_PLACEMENT_3D('',#2330,#1876,#1877);
#1609=AXIS2_PLACEMENT_3D('',#2332,#1878,#1879);
#1610=AXIS2_PLACEMENT_3D('',#2334,#1881,#1882);
#1611=AXIS2_PLACEMENT_3D('',#2340,#1886,#1887);
#1612=AXIS2_PLACEMENT_3D('',#2344,#1890,#1891);
#1613=AXIS2_PLACEMENT_3D('',#2348,#1894,#1895);
#1614=AXIS2_PLACEMENT_3D('',#2350,#1897,#1898);
#1615=AXIS2_PLACEMENT_3D('',#2352,#1899,#1900);
#1616=AXIS2_PLACEMENT_3D('',#2354,#1902,#1903);
#1617=AXIS2_PLACEMENT_3D('',#2356,#1904,#1905);
#1618=AXIS2_PLACEMENT_3D('',#2358,#1907,#1908);
#1619=AXIS2_PLACEMENT_3D('',#2364,#1912,#1913);
#1620=AXIS2_PLACEMENT_3D('',#2368,#1916,#1917);
#1621=AXIS2_PLACEMENT_3D('',#2372,#1920,#1921);
#1622=AXIS2_PLACEMENT_3D('',#2374,#1923,#1924);
#1623=AXIS2_PLACEMENT_3D('',#2376,#1926,#1927);
#1624=AXIS2_PLACEMENT_3D('',#2377,#1928,#1929);
#1625=AXIS2_PLACEMENT_3D('',#2378,#1930,#1931);
#1626=AXIS2_PLACEMENT_3D('',#2379,#1932,#1933);
#1627=AXIS2_PLACEMENT_3D('',#2380,#1934,#1935);
#1628=AXIS2_PLACEMENT_3D('',#2383,#1937,#1938);
#1629=AXIS2_PLACEMENT_3D('',#2384,#1939,#1940);
#1630=AXIS2_PLACEMENT_3D('',#2386,#1942,#1943);
#1631=AXIS2_PLACEMENT_3D('',#2388,#1945,#1946);
#1632=AXIS2_PLACEMENT_3D('',#2389,#1947,#1948);
#1633=AXIS2_PLACEMENT_3D('',#2391,#1950,#1951);
#1634=AXIS2_PLACEMENT_3D('',#2411,#1954,#1955);
#1635=AXIS2_PLACEMENT_3D('',#2472,#1961,#1962);
#1636=AXIS2_PLACEMENT_3D('',#2474,#1964,#1965);
#1637=AXIS2_PLACEMENT_3D('',#2475,#1966,#1967);
#1638=AXIS2_PLACEMENT_3D('',#2476,#1968,#1969);
#1639=AXIS2_PLACEMENT_3D('',#2482,#1973,#1974);
#1640=AXIS2_PLACEMENT_3D('',#2486,#1977,#1978);
#1641=AXIS2_PLACEMENT_3D('',#2490,#1981,#1982);
#1642=AXIS2_PLACEMENT_3D('',#2492,#1984,#1985);
#1643=AXIS2_PLACEMENT_3D('',#2494,#1987,#1988);
#1644=AXIS2_PLACEMENT_3D('',#2496,#1989,#1990);
#1645=AXIS2_PLACEMENT_3D('',#2498,#1992,#1993);
#1646=AXIS2_PLACEMENT_3D('',#2500,#1994,#1995);
#1647=AXIS2_PLACEMENT_3D('',#2502,#1997,#1998);
#1648=AXIS2_PLACEMENT_3D('',#2506,#2001,#2002);
#1649=AXIS2_PLACEMENT_3D('',#2507,#2003,#2004);
#1650=AXIS2_PLACEMENT_3D('',#2508,#2005,#2006);
#1651=AXIS2_PLACEMENT_3D('',#2509,#2007,#2008);
#1652=AXIS2_PLACEMENT_3D('',#2511,#2010,#2011);
#1653=AXIS2_PLACEMENT_3D('',#2513,#2012,#2013);
#1654=AXIS2_PLACEMENT_3D('',#2515,#2015,#2016);
#1655=AXIS2_PLACEMENT_3D('',#2516,#2017,#2018);
#1656=AXIS2_PLACEMENT_3D('',#2517,#2019,#2020);
#1657=AXIS2_PLACEMENT_3D('',#2519,#2022,#2023);
#1658=AXIS2_PLACEMENT_3D('',#2521,#2024,#2025);
#1659=AXIS2_PLACEMENT_3D('',#2523,#2027,#2028);
#1660=AXIS2_PLACEMENT_3D('',#2525,#2029,#2030);
#1661=AXIS2_PLACEMENT_3D('',#2527,#2032,#2033);
#1662=AXIS2_PLACEMENT_3D('',#2529,#2034,#2035);
#1663=AXIS2_PLACEMENT_3D('',#2531,#2037,#2038);
#1664=AXIS2_PLACEMENT_3D('',#2537,#2042,#2043);
#1665=AXIS2_PLACEMENT_3D('',#2541,#2046,#2047);
#1666=AXIS2_PLACEMENT_3D('',#2545,#2050,#2051);
#1667=AXIS2_PLACEMENT_3D('',#2547,#2053,#2054);
#1668=AXIS2_PLACEMENT_3D('',#2553,#2058,#2059);
#1669=AXIS2_PLACEMENT_3D('',#2557,#2062,#2063);
#1670=AXIS2_PLACEMENT_3D('',#2561,#2066,#2067);
#1671=AXIS2_PLACEMENT_3D('',#2563,#2069,#2070);
#1672=AXIS2_PLACEMENT_3D('',#2569,#2074,#2075);
#1673=AXIS2_PLACEMENT_3D('',#2573,#2078,#2079);
#1674=AXIS2_PLACEMENT_3D('',#2577,#2082,#2083);
#1675=AXIS2_PLACEMENT_3D('',#2579,#2085,#2086);
#1676=AXIS2_PLACEMENT_3D('',#2581,#2087,#2088);
#1677=AXIS2_PLACEMENT_3D('',#2583,#2090,#2091);
#1678=AXIS2_PLACEMENT_3D('',#2584,#2092,#2093);
#1679=AXIS2_PLACEMENT_3D('',#2585,#2094,#2095);
#1680=AXIS2_PLACEMENT_3D('',#2587,#2097,#2098);
#1681=DIRECTION('axis',(0.,0.,1.));
#1682=DIRECTION('refdir',(1.,0.,0.));
#1683=DIRECTION('center_axis',(0.,-0.342020143325668,0.939692620785909));
#1684=DIRECTION('ref_axis',(0.875261677738737,0.454482018358274,0.165417926691639));
#1685=DIRECTION('center_axis',(0.,0.342020143325667,-0.939692620785909));
#1686=DIRECTION('ref_axis',(0.875261677738737,0.454482018358274,0.165417926691639));
#1687=DIRECTION('',(0.,0.342020143325668,-0.939692620785909));
#1688=DIRECTION('center_axis',(0.,-0.342020143325667,0.939692620785909));
#1689=DIRECTION('ref_axis',(0.875261677738737,0.454482018358274,0.165417926691639));
#1690=DIRECTION('',(0.,-0.342020143325668,0.939692620785909));
#1691=DIRECTION('center_axis',(-0.532166009036057,-0.795581387780703,-0.289567944088372));
#1692=DIRECTION('ref_axis',(-0.846640029071762,0.50007247172427,0.182011494683561));
#1693=DIRECTION('',(0.846640029071762,-0.500072471724271,-0.18201149468356));
#1694=DIRECTION('',(-1.87761094319524E-15,-0.342020143325666,0.939692620785909));
#1695=DIRECTION('',(-1.87761094319524E-15,-0.342020143325666,0.939692620785909));
#1696=DIRECTION('',(-0.846640029071762,0.500072471724271,0.18201149468356));
#1697=DIRECTION('center_axis',(0.,-0.342020143325667,0.939692620785909));
#1698=DIRECTION('ref_axis',(0.,-0.939692620785909,-0.342020143325667));
#1699=DIRECTION('',(0.,-0.939692620785909,-0.342020143325667));
#1700=DIRECTION('',(-1.,0.,0.));
#1701=DIRECTION('',(0.,-0.939692620785909,-0.342020143325667));
#1702=DIRECTION('center_axis',(0.,-0.342020143325667,0.939692620785909));
#1703=DIRECTION('ref_axis',(-0.875261677738737,0.454482018358278,0.165417926691632));
#1704=DIRECTION('',(0.846640029071763,0.50007247172427,0.18201149468356));
#1705=DIRECTION('',(1.,-8.6704109145937E-17,-3.15577149176889E-17));
#1706=DIRECTION('center_axis',(0.,-0.342020143325667,0.939692620785909));
#1707=DIRECTION('ref_axis',(1.,0.,0.));
#1708=DIRECTION('center_axis',(0.,-0.342020143325667,0.939692620785909));
#1709=DIRECTION('ref_axis',(1.,0.,0.));
#1710=DIRECTION('',(0.,0.939692620785909,0.342020143325667));
#1711=DIRECTION('',(-1.,0.,0.));
#1712=DIRECTION('',(0.,-0.939692620785909,-0.342020143325667));
#1713=DIRECTION('',(1.,0.,0.));
#1714=DIRECTION('center_axis',(0.,0.342020143325668,-0.939692620785909));
#1715=DIRECTION('ref_axis',(-0.875261677738737,0.454482018358278,0.165417926691632));
#1716=DIRECTION('',(0.,-0.342020143325668,0.939692620785909));
#1717=DIRECTION('center_axis',(0.,0.342020143325667,-0.939692620785909));
#1718=DIRECTION('ref_axis',(-0.875261677738737,0.454482018358278,0.165417926691632));
#1719=DIRECTION('',(0.,0.342020143325668,-0.939692620785909));
#1720=DIRECTION('center_axis',(-1.,0.,0.));
#1721=DIRECTION('ref_axis',(0.,-0.939692620785909,-0.342020143325667));
#1722=DIRECTION('',(0.,-0.342020143325667,0.939692620785909));
#1723=DIRECTION('',(0.,-0.939692620785909,-0.342020143325667));
#1724=DIRECTION('center_axis',(0.,0.939692620785912,0.342020143325658));
#1725=DIRECTION('ref_axis',(-0.707106781186548,0.241844762647966,-0.664463024388678));
#1726=DIRECTION('center_axis',(0.,-0.939692620785912,-0.342020143325658));
#1727=DIRECTION('ref_axis',(-0.707106781186548,0.241844762647966,-0.664463024388678));
#1728=DIRECTION('',(0.,-0.939692620785912,-0.342020143325658));
#1729=DIRECTION('center_axis',(-9.69969321476808E-17,0.939692620785913,
0.342020143325657));
#1730=DIRECTION('ref_axis',(-0.707106781186548,0.241844762647966,-0.664463024388678));
#1731=DIRECTION('',(0.,0.939692620785912,0.342020143325658));
#1732=DIRECTION('center_axis',(-9.69969321476808E-17,0.939692620785913,
0.342020143325657));
#1733=DIRECTION('ref_axis',(1.,1.03221979189916E-16,-8.99605430860584E-31));
#1734=DIRECTION('',(1.,0.,0.));
#1735=DIRECTION('center_axis',(-9.69969321476808E-17,0.939692620785913,
0.342020143325657));
#1736=DIRECTION('ref_axis',(0.707106781186548,0.241844762647966,-0.664463024388678));
#1737=DIRECTION('',(0.,0.342020143325658,-0.939692620785912));
#1738=DIRECTION('',(-1.,-9.11473013780474E-17,-3.3174904635299E-17));
#1739=DIRECTION('',(0.,0.342020143325658,-0.939692620785912));
#1740=DIRECTION('',(0.,0.342020143325657,-0.939692620785913));
#1741=DIRECTION('',(-1.,-9.11473013780474E-17,-3.3174904635299E-17));
#1742=DIRECTION('',(0.,-0.342020143325657,0.939692620785913));
#1743=DIRECTION('',(1.,9.11473013780474E-17,3.3174904635299E-17));
#1744=DIRECTION('center_axis',(-9.69969321476808E-17,0.939692620785913,
0.342020143325657));
#1745=DIRECTION('ref_axis',(-1.,0.,0.));
#1746=DIRECTION('center_axis',(-9.69969321476808E-17,0.939692620785913,
0.342020143325657));
#1747=DIRECTION('ref_axis',(-1.,0.,0.));
#1748=DIRECTION('',(0.,0.342020143325657,-0.939692620785913));
#1749=DIRECTION('',(-1.,-9.11473013780471E-17,-3.31749046352998E-17));
#1750=DIRECTION('',(0.,-0.342020143325657,0.939692620785913));
#1751=DIRECTION('',(1.,9.11473013780471E-17,3.31749046352998E-17));
#1752=DIRECTION('center_axis',(-9.69969321476808E-17,0.939692620785913,
0.342020143325657));
#1753=DIRECTION('ref_axis',(-1.,0.,0.));
#1754=DIRECTION('center_axis',(-9.69969321476808E-17,0.939692620785913,
0.342020143325657));
#1755=DIRECTION('ref_axis',(-1.,0.,0.));
#1756=DIRECTION('center_axis',(0.,0.342020143325658,-0.939692620785912));
#1757=DIRECTION('ref_axis',(-1.,0.,0.));
#1758=DIRECTION('',(-1.,0.,0.));
#1759=DIRECTION('',(0.,0.939692620785912,0.342020143325658));
#1760=DIRECTION('center_axis',(0.,0.939692620785912,0.342020143325658));
#1761=DIRECTION('ref_axis',(0.707106781186548,0.241844762647966,-0.664463024388678));
#1762=DIRECTION('center_axis',(0.,-0.939692620785912,-0.342020143325658));
#1763=DIRECTION('ref_axis',(0.707106781186548,0.241844762647966,-0.664463024388678));
#1764=DIRECTION('',(0.,-0.939692620785912,-0.342020143325658));
#1765=DIRECTION('center_axis',(0.,-5.0532154980743E-16,-1.));
#1766=DIRECTION('ref_axis',(0.707106781186547,0.707106781186547,-3.14018491736755E-16));
#1767=DIRECTION('center_axis',(0.,5.0532154980743E-16,1.));
#1768=DIRECTION('ref_axis',(0.707106781186547,0.707106781186547,-3.14018491736755E-16));
#1769=DIRECTION('',(0.,5.0532154980743E-16,1.));
#1770=DIRECTION('center_axis',(0.,-4.74705379828746E-16,-1.));
#1771=DIRECTION('ref_axis',(0.707106781186547,0.707106781186547,-3.14018491736755E-16));
#1772=DIRECTION('',(0.,-5.0532154980743E-16,-1.));
#1773=DIRECTION('center_axis',(1.,0.,0.));
#1774=DIRECTION('ref_axis',(0.,-1.,5.0532154980743E-16));
#1775=DIRECTION('',(0.,-1.,4.44089209850063E-16));
#1776=DIRECTION('',(0.,-5.0532154980743E-16,-1.));
#1777=DIRECTION('',(0.,-1.,5.0532154980743E-16));
#1778=DIRECTION('center_axis',(0.,-4.74705379828746E-16,-1.));
#1779=DIRECTION('ref_axis',(0.,1.,-4.74705379828746E-16));
#1780=DIRECTION('',(-1.,0.,0.));
#1781=DIRECTION('center_axis',(0.,-4.74705379828746E-16,-1.));
#1782=DIRECTION('ref_axis',(-0.707106781186547,0.707106781186547,-3.14018491736755E-16));
#1783=DIRECTION('',(0.,-1.,4.44089209850063E-16));
#1784=DIRECTION('',(1.,0.,0.));
#1785=DIRECTION('center_axis',(0.,-5.0532154980743E-16,-1.));
#1786=DIRECTION('ref_axis',(-0.707106781186547,0.707106781186547,-3.14018491736755E-16));
#1787=DIRECTION('center_axis',(0.,5.0532154980743E-16,1.));
#1788=DIRECTION('ref_axis',(-0.707106781186547,0.707106781186547,-3.14018491736755E-16));
#1789=DIRECTION('',(0.,5.0532154980743E-16,1.));
#1790=DIRECTION('',(0.,-5.0532154980743E-16,-1.));
#1791=DIRECTION('center_axis',(-1.,0.,0.));
#1792=DIRECTION('ref_axis',(0.,1.,-4.44089209850063E-16));
#1793=DIRECTION('',(0.,1.,-4.44089209850063E-16));
#1794=DIRECTION('',(0.,5.0532154980743E-16,1.));
#1795=DIRECTION('center_axis',(0.,1.,0.));
#1796=DIRECTION('ref_axis',(-0.72680711854702,0.,-0.686841621066587));
#1797=DIRECTION('center_axis',(0.,-1.,0.));
#1798=DIRECTION('ref_axis',(-0.72680711854702,0.,-0.686841621066587));
#1799=DIRECTION('',(0.,-1.,0.));
#1800=DIRECTION('center_axis',(0.,1.,0.));
#1801=DIRECTION('ref_axis',(-0.72680711854702,0.,-0.686841621066587));
#1802=DIRECTION('',(0.,1.,0.));
#1803=DIRECTION('center_axis',(0.,1.,0.));
#1804=DIRECTION('ref_axis',(1.,0.,0.));
#1805=DIRECTION('center_axis',(0.,1.,0.));
#1806=DIRECTION('ref_axis',(1.,0.,0.));
#1807=DIRECTION('center_axis',(0.,1.,0.));
#1808=DIRECTION('ref_axis',(-0.726807118547022,0.,0.686841621066586));
#1809=DIRECTION('',(0.,0.,-1.));
#1810=DIRECTION('',(1.,0.,0.));
#1811=DIRECTION('',(0.,0.,1.));
#1812=DIRECTION('center_axis',(0.,1.,0.));
#1813=DIRECTION('ref_axis',(0.72680711854702,0.,0.686841621066587));
#1814=DIRECTION('center_axis',(0.,1.,0.));
#1815=DIRECTION('ref_axis',(1.,0.,0.));
#1816=DIRECTION('center_axis',(0.,1.,0.));
#1817=DIRECTION('ref_axis',(0.726807118547019,0.,-0.686841621066589));
#1818=DIRECTION('',(0.,0.,1.));
#1819=DIRECTION('',(-1.,0.,0.));
#1820=DIRECTION('',(0.,0.,-1.));
#1821=DIRECTION('center_axis',(0.,-1.,0.));
#1822=DIRECTION('ref_axis',(1.,0.,0.));
#1823=DIRECTION('center_axis',(0.,-1.,0.));
#1824=DIRECTION('ref_axis',(1.,0.,0.));
#1825=DIRECTION('center_axis',(0.,-1.,0.));
#1826=DIRECTION('ref_axis',(1.,0.,0.));
#1827=DIRECTION('',(1.,0.,8.45884209238211E-15));
#1828=DIRECTION('',(0.,0.,-1.));
#1829=DIRECTION('',(-1.,0.,0.));
#1830=DIRECTION('',(0.,0.,1.));
#1831=DIRECTION('',(1.,0.,0.));
#1832=DIRECTION('',(0.,0.,-1.));
#1833=DIRECTION('',(-1.,0.,0.));
#1834=DIRECTION('',(0.,0.,1.));
#1835=DIRECTION('',(1.,0.,0.));
#1836=DIRECTION('',(1.41542377641454E-15,0.,-1.));
#1837=DIRECTION('',(-1.,0.,1.69176841847642E-14));
#1838=DIRECTION('',(0.,0.,1.));
#1839=DIRECTION('center_axis',(0.,-1.,0.));
#1840=DIRECTION('ref_axis',(1.,0.,0.));
#1841=DIRECTION('center_axis',(0.,1.,0.));
#1842=DIRECTION('ref_axis',(1.,0.,0.));
#1843=DIRECTION('center_axis',(0.,-1.,0.));
#1844=DIRECTION('ref_axis',(1.,0.,0.));
#1845=DIRECTION('',(0.,1.,0.));
#1846=DIRECTION('center_axis',(0.,1.,0.));
#1847=DIRECTION('ref_axis',(-0.726807118547022,0.,0.686841621066586));
#1848=DIRECTION('center_axis',(0.,-1.,0.));
#1849=DIRECTION('ref_axis',(-0.726807118547022,0.,0.686841621066586));
#1850=DIRECTION('',(0.,-1.,0.));
#1851=DIRECTION('center_axis',(0.,1.,0.));
#1852=DIRECTION('ref_axis',(0.72680711854702,0.,0.686841621066587));
#1853=DIRECTION('center_axis',(0.,-1.,0.));
#1854=DIRECTION('ref_axis',(0.72680711854702,0.,0.686841621066587));
#1855=DIRECTION('',(0.,-1.,0.));
#1856=DIRECTION('',(0.,1.,0.));
#1857=DIRECTION('center_axis',(1.,0.,0.));
#1858=DIRECTION('ref_axis',(0.,0.,-1.));
#1859=DIRECTION('',(0.,1.,0.));
#1860=DIRECTION('',(0.,0.,-1.));
#1861=DIRECTION('center_axis',(0.,1.,0.));
#1862=DIRECTION('ref_axis',(0.726807118547019,0.,-0.686841621066589));
#1863=DIRECTION('center_axis',(0.,-1.,0.));
#1864=DIRECTION('ref_axis',(0.726807118547019,0.,-0.686841621066589));
#1865=DIRECTION('',(0.,-1.,0.));
#1866=DIRECTION('',(0.,1.,0.));
#1867=DIRECTION('center_axis',(1.,0.,0.));
#1868=DIRECTION('ref_axis',(0.,0.,-1.));
#1869=DIRECTION('',(0.,0.,-1.));
#1870=DIRECTION('',(0.,-1.,0.));
#1871=DIRECTION('center_axis',(0.,-0.939692620785909,-0.342020143325667));
#1872=DIRECTION('ref_axis',(-1.,0.,0.));
#1873=DIRECTION('center_axis',(0.,-0.939692620785912,-0.342020143325658));
#1874=DIRECTION('ref_axis',(-1.,0.,0.));
#1875=DIRECTION('',(0.,-0.939692620785909,-0.342020143325667));
#1876=DIRECTION('center_axis',(0.,-0.939692620785912,-0.342020143325659));
#1877=DIRECTION('ref_axis',(-1.,0.,0.));
#1878=DIRECTION('center_axis',(0.,-0.939692620785912,-0.342020143325658));
#1879=DIRECTION('ref_axis',(-1.,0.,0.));
#1880=DIRECTION('',(0.,-0.939692620785912,-0.342020143325659));
#1881=DIRECTION('center_axis',(1.,0.,0.));
#1882=DIRECTION('ref_axis',(0.,-0.342020143325665,0.93969262078591));
#1883=DIRECTION('',(0.,-0.939692620785909,-0.342020143325667));
#1884=DIRECTION('',(0.,-0.342020143325658,0.939692620785912));
#1885=DIRECTION('',(0.,-0.939692620785909,-0.342020143325667));
#1886=DIRECTION('center_axis',(0.,0.342020143325667,-0.939692620785909));
#1887=DIRECTION('ref_axis',(1.,0.,0.));
#1888=DIRECTION('',(1.,0.,0.));
#1889=DIRECTION('',(0.,-0.939692620785909,-0.342020143325667));
#1890=DIRECTION('center_axis',(-1.,0.,0.));
#1891=DIRECTION('ref_axis',(0.,0.342020143325665,-0.93969262078591));
#1892=DIRECTION('',(0.,0.342020143325658,-0.939692620785912));
#1893=DIRECTION('',(0.,-0.939692620785909,-0.342020143325667));
#1894=DIRECTION('center_axis',(0.,-0.342020143325667,0.939692620785909));
#1895=DIRECTION('ref_axis',(-1.,0.,0.));
#1896=DIRECTION('',(-1.,0.,0.));
#1897=DIRECTION('center_axis',(0.,-0.939692620785909,-0.342020143325667));
#1898=DIRECTION('ref_axis',(-1.,0.,0.));
#1899=DIRECTION('center_axis',(0.,-0.939692620785912,-0.342020143325658));
#1900=DIRECTION('ref_axis',(-1.,0.,0.));
#1901=DIRECTION('',(0.,-0.939692620785909,-0.342020143325667));
#1902=DIRECTION('center_axis',(0.,-0.939692620785912,-0.342020143325659));
#1903=DIRECTION('ref_axis',(-1.,0.,0.));
#1904=DIRECTION('center_axis',(0.,-0.939692620785912,-0.342020143325658));
#1905=DIRECTION('ref_axis',(-1.,0.,0.));
#1906=DIRECTION('',(0.,-0.939692620785912,-0.342020143325659));
#1907=DIRECTION('center_axis',(1.,0.,0.));
#1908=DIRECTION('ref_axis',(0.,-0.342020143325665,0.93969262078591));
#1909=DIRECTION('',(0.,-0.939692620785912,-0.342020143325658));
#1910=DIRECTION('',(0.,-0.342020143325658,0.939692620785912));
#1911=DIRECTION('',(0.,-0.939692620785912,-0.342020143325658));
#1912=DIRECTION('center_axis',(0.,0.342020143325659,-0.939692620785912));
#1913=DIRECTION('ref_axis',(1.,0.,0.));
#1914=DIRECTION('',(1.,0.,0.));
#1915=DIRECTION('',(0.,-0.939692620785912,-0.342020143325658));
#1916=DIRECTION('center_axis',(-1.,0.,0.));
#1917=DIRECTION('ref_axis',(0.,0.342020143325665,-0.93969262078591));
#1918=DIRECTION('',(0.,0.342020143325658,-0.939692620785912));
#1919=DIRECTION('',(0.,-0.939692620785912,-0.342020143325658));
#1920=DIRECTION('center_axis',(0.,-0.342020143325659,0.939692620785912));
#1921=DIRECTION('ref_axis',(-1.,0.,0.));
#1922=DIRECTION('',(-1.,0.,0.));
#1923=DIRECTION('center_axis',(1.,0.,0.));
#1924=DIRECTION('ref_axis',(0.,-1.,0.));
#1925=DIRECTION('',(-1.,0.,0.));
#1926=DIRECTION('center_axis',(-1.,0.,0.));
#1927=DIRECTION('ref_axis',(0.,-5.55111512312578E-16,-1.));
#1928=DIRECTION('center_axis',(1.,0.,0.));
#1929=DIRECTION('ref_axis',(0.,-1.,0.));
#1930=DIRECTION('center_axis',(1.,0.,0.));
#1931=DIRECTION('ref_axis',(0.,0.,-1.));
#1932=DIRECTION('center_axis',(-1.,0.,0.));
#1933=DIRECTION('ref_axis',(0.,-5.55111512312578E-16,-1.));
#1934=DIRECTION('center_axis',(-1.,0.,0.));
#1935=DIRECTION('ref_axis',(0.,0.,1.));
#1936=DIRECTION('',(0.,-1.,0.));
#1937=DIRECTION('center_axis',(-1.,0.,0.));
#1938=DIRECTION('ref_axis',(0.,-5.55111512312578E-16,-1.));
#1939=DIRECTION('center_axis',(0.,1.,-5.0532154980743E-16));
#1940=DIRECTION('ref_axis',(1.,0.,0.));
#1941=DIRECTION('',(1.,0.,0.));
#1942=DIRECTION('center_axis',(1.,0.,0.));
#1943=DIRECTION('ref_axis',(0.,-1.,0.));
#1944=DIRECTION('',(-1.,0.,0.));
#1945=DIRECTION('center_axis',(0.,-5.0532154980743E-16,-1.));
#1946=DIRECTION('ref_axis',(0.,1.,-5.0532154980743E-16));
#1947=DIRECTION('center_axis',(-1.,0.,0.));
#1948=DIRECTION('ref_axis',(0.,0.,1.));
#1949=DIRECTION('',(0.,0.,1.));
#1950=DIRECTION('center_axis',(-1.,0.,0.));
#1951=DIRECTION('ref_axis',(0.,-0.342020143325667,0.939692620785909));
#1952=DIRECTION('',(1.,0.,0.));
#1953=DIRECTION('',(-1.,8.6704109145937E-17,3.15577149176889E-17));
#1954=DIRECTION('center_axis',(1.,0.,0.));
#1955=DIRECTION('ref_axis',(0.,0.342020143325658,-0.939692620785912));
#1956=DIRECTION('',(0.,0.342020143325658,-0.939692620785912));
#1957=DIRECTION('',(0.,0.939692620785912,0.342020143325658));
#1958=DIRECTION('',(-1.98192266226165E-15,0.342020143325666,-0.939692620785909));
#1959=DIRECTION('',(-1.98192266226165E-15,0.342020143325666,-0.939692620785909));
#1960=DIRECTION('',(0.,0.939692620785912,0.342020143325658));
#1961=DIRECTION('center_axis',(-1.,0.,0.));
#1962=DIRECTION('ref_axis',(0.,-0.342020143325658,0.939692620785912));
#1963=DIRECTION('',(0.,-0.342020143325658,0.939692620785912));
#1964=DIRECTION('center_axis',(-1.,0.,0.));
#1965=DIRECTION('ref_axis',(0.,-0.342020143325667,0.939692620785909));
#1966=DIRECTION('center_axis',(0.,0.939692620785912,0.342020143325658));
#1967=DIRECTION('ref_axis',(1.,0.,0.));
#1968=DIRECTION('center_axis',(1.,0.,0.));
#1969=DIRECTION('ref_axis',(0.,-0.939692620785909,-0.342020143325667));
#1970=DIRECTION('',(0.,0.342020143325668,-0.939692620785909));
#1971=DIRECTION('',(0.,-0.939692620785909,-0.342020143325667));
#1972=DIRECTION('',(0.,0.342020143325668,-0.939692620785909));
#1973=DIRECTION('center_axis',(0.,0.939692620785909,0.342020143325668));
#1974=DIRECTION('ref_axis',(1.,0.,0.));
#1975=DIRECTION('',(1.,0.,0.));
#1976=DIRECTION('',(0.,0.342020143325668,-0.939692620785909));
#1977=DIRECTION('center_axis',(-1.,0.,0.));
#1978=DIRECTION('ref_axis',(0.,0.939692620785909,0.342020143325667));
#1979=DIRECTION('',(0.,0.939692620785909,0.342020143325667));
#1980=DIRECTION('',(0.,0.342020143325668,-0.939692620785909));
#1981=DIRECTION('center_axis',(0.,-0.939692620785909,-0.342020143325668));
#1982=DIRECTION('ref_axis',(-1.,0.,0.));
#1983=DIRECTION('',(-1.,0.,0.));
#1984=DIRECTION('center_axis',(0.532166009036057,-0.795581387780703,-0.289567944088372));
#1985=DIRECTION('ref_axis',(-0.846640029071763,-0.50007247172427,-0.18201149468356));
#1986=DIRECTION('',(-0.846640029071763,-0.50007247172427,-0.18201149468356));
#1987=DIRECTION('center_axis',(0.,0.342020143325668,-0.939692620785909));
#1988=DIRECTION('ref_axis',(1.,0.,0.));
#1989=DIRECTION('center_axis',(0.,0.342020143325667,-0.939692620785909));
#1990=DIRECTION('ref_axis',(1.,0.,0.));
#1991=DIRECTION('',(0.,0.342020143325668,-0.939692620785909));
#1992=DIRECTION('center_axis',(0.,0.342020143325668,-0.939692620785909));
#1993=DIRECTION('ref_axis',(1.,0.,0.));
#1994=DIRECTION('center_axis',(0.,0.342020143325667,-0.939692620785909));
#1995=DIRECTION('ref_axis',(1.,0.,0.));
#1996=DIRECTION('',(0.,0.342020143325668,-0.939692620785909));
#1997=DIRECTION('center_axis',(0.,-0.342020143325667,0.939692620785909));
#1998=DIRECTION('ref_axis',(0.,-0.939692620785909,-0.342020143325667));
#1999=DIRECTION('',(1.,0.,0.));
#2000=DIRECTION('',(0.,0.939692620785909,0.342020143325667));
#2001=DIRECTION('center_axis',(-1.,0.,0.));
#2002=DIRECTION('ref_axis',(0.,-1.,0.));
#2003=DIRECTION('center_axis',(1.,0.,0.));
#2004=DIRECTION('ref_axis',(0.,-0.342020143325666,0.939692620785909));
#2005=DIRECTION('center_axis',(-1.,0.,0.));
#2006=DIRECTION('ref_axis',(0.,-1.,0.));
#2007=DIRECTION('center_axis',(1.,0.,0.));
#2008=DIRECTION('ref_axis',(0.,0.939692620785909,0.342020143325667));
#2009=DIRECTION('',(0.,0.342020143325667,-0.939692620785909));
#2010=DIRECTION('center_axis',(-1.,0.,0.));
#2011=DIRECTION('ref_axis',(0.,0.,1.));
#2012=DIRECTION('center_axis',(1.,0.,0.));
#2013=DIRECTION('ref_axis',(0.,-0.342020143325667,0.939692620785909));
#2014=DIRECTION('',(0.,1.,0.));
#2015=DIRECTION('center_axis',(1.,0.,0.));
#2016=DIRECTION('ref_axis',(0.,0.,-1.));
#2017=DIRECTION('center_axis',(1.,0.,0.));
#2018=DIRECTION('ref_axis',(0.,-0.342020143325667,0.939692620785909));
#2019=DIRECTION('center_axis',(-1.,0.,0.));
#2020=DIRECTION('ref_axis',(0.,-1.,0.));
#2021=DIRECTION('',(1.,0.,0.));
#2022=DIRECTION('center_axis',(0.,1.,0.));
#2023=DIRECTION('ref_axis',(1.,0.,0.));
#2024=DIRECTION('center_axis',(0.,-1.,0.));
#2025=DIRECTION('ref_axis',(1.,0.,0.));
#2026=DIRECTION('',(0.,-1.,0.));
#2027=DIRECTION('center_axis',(0.,1.,0.));
#2028=DIRECTION('ref_axis',(1.,0.,0.));
#2029=DIRECTION('center_axis',(0.,-1.,0.));
#2030=DIRECTION('ref_axis',(1.,0.,0.));
#2031=DIRECTION('',(0.,-1.,0.));
#2032=DIRECTION('center_axis',(0.,1.,0.));
#2033=DIRECTION('ref_axis',(1.,0.,0.));
#2034=DIRECTION('center_axis',(0.,-1.,0.));
#2035=DIRECTION('ref_axis',(1.,0.,0.));
#2036=DIRECTION('',(0.,-1.,0.));
#2037=DIRECTION('center_axis',(1.,0.,0.));
#2038=DIRECTION('ref_axis',(0.,0.,-1.));
#2039=DIRECTION('',(0.,1.,0.));
#2040=DIRECTION('',(0.,0.,-1.));
#2041=DIRECTION('',(0.,1.,0.));
#2042=DIRECTION('center_axis',(0.,0.,-1.));
#2043=DIRECTION('ref_axis',(-1.,0.,0.));
#2044=DIRECTION('',(-1.,0.,0.));
#2045=DIRECTION('',(0.,1.,0.));
#2046=DIRECTION('center_axis',(-1.,0.,0.));
#2047=DIRECTION('ref_axis',(0.,0.,1.));
#2048=DIRECTION('',(0.,0.,1.));
#2049=DIRECTION('',(0.,1.,0.));
#2050=DIRECTION('center_axis',(-8.45884209238211E-15,0.,1.));
#2051=DIRECTION('ref_axis',(1.,0.,8.45884209238211E-15));
#2052=DIRECTION('',(1.,0.,8.45884209238211E-15));
#2053=DIRECTION('center_axis',(1.,0.,0.));
#2054=DIRECTION('ref_axis',(0.,0.,-1.));
#2055=DIRECTION('',(0.,1.,0.));
#2056=DIRECTION('',(0.,0.,-1.));
#2057=DIRECTION('',(0.,1.,0.));
#2058=DIRECTION('center_axis',(0.,0.,-1.));
#2059=DIRECTION('ref_axis',(-1.,0.,0.));
#2060=DIRECTION('',(-1.,0.,0.));
#2061=DIRECTION('',(0.,1.,0.));
#2062=DIRECTION('center_axis',(-1.,0.,0.));
#2063=DIRECTION('ref_axis',(0.,0.,1.));
#2064=DIRECTION('',(0.,0.,1.));
#2065=DIRECTION('',(0.,1.,0.));
#2066=DIRECTION('center_axis',(0.,0.,1.));
#2067=DIRECTION('ref_axis',(1.,0.,0.));
#2068=DIRECTION('',(1.,0.,0.));
#2069=DIRECTION('center_axis',(1.,0.,1.41542377641454E-15));
#2070=DIRECTION('ref_axis',(1.41542377641454E-15,0.,-1.));
#2071=DIRECTION('',(0.,1.,0.));
#2072=DIRECTION('',(1.41542377641454E-15,0.,-1.));
#2073=DIRECTION('',(0.,1.,0.));
#2074=DIRECTION('center_axis',(-1.69176841847642E-14,0.,-1.));
#2075=DIRECTION('ref_axis',(-1.,0.,1.69176841847642E-14));
#2076=DIRECTION('',(-1.,0.,1.69176841847642E-14));
#2077=DIRECTION('',(0.,1.,0.));
#2078=DIRECTION('center_axis',(-1.,0.,0.));
#2079=DIRECTION('ref_axis',(0.,0.,1.));
#2080=DIRECTION('',(0.,0.,1.));
#2081=DIRECTION('',(0.,1.,0.));
#2082=DIRECTION('center_axis',(0.,0.,1.));
#2083=DIRECTION('ref_axis',(1.,0.,0.));
#2084=DIRECTION('',(1.,0.,0.));
#2085=DIRECTION('center_axis',(0.,1.,0.));
#2086=DIRECTION('ref_axis',(1.,0.,0.));
#2087=DIRECTION('center_axis',(0.,-1.,0.));
#2088=DIRECTION('ref_axis',(1.,0.,0.));
#2089=DIRECTION('',(0.,-1.,0.));
#2090=DIRECTION('center_axis',(0.,1.,0.));
#2091=DIRECTION('ref_axis',(-1.,0.,-1.22464679914735E-16));
#2092=DIRECTION('center_axis',(0.,-1.,0.));
#2093=DIRECTION('ref_axis',(1.,0.,0.));
#2094=DIRECTION('center_axis',(-1.,0.,0.));
#2095=DIRECTION('ref_axis',(0.,0.,1.));
#2096=DIRECTION('',(0.,0.,1.));
#2097=DIRECTION('center_axis',(0.,1.,0.));
#2098=DIRECTION('ref_axis',(1.,0.,0.));
#2099=CARTESIAN_POINT('',(0.,0.,0.));
#2100=CARTESIAN_POINT('Origin',(4.49999999999989,9.77460211229785,189.993486448196));
#2101=CARTESIAN_POINT('',(7.16083004518019,13.4104889078757,192.381018789424));
#2102=CARTESIAN_POINT('',(9.49999999999989,9.4325819689722,190.933179068982));
#2103=CARTESIAN_POINT('Origin',(4.49999999999989,9.4325819689722,190.933179068982));
#2104=CARTESIAN_POINT('',(9.49999999999989,10.1166222556235,189.05379382741));
#2105=CARTESIAN_POINT('',(9.49999999999989,9.77460211229785,189.993486448196));
#2106=CARTESIAN_POINT('',(7.16083004518018,14.094529194527,190.501633547852));
#2107=CARTESIAN_POINT('Origin',(4.49999999999989,10.1166222556235,189.05379382741));
#2108=CARTESIAN_POINT('',(7.16083004518017,13.7525090512014,191.441326168638));
#2109=CARTESIAN_POINT('Origin',(9.4999999999999,12.0288456345564,191.878141763561));
#2110=CARTESIAN_POINT('',(-75.1362712785409,62.7037532585213,208.193944217922));
#2111=CARTESIAN_POINT('',(-39.7141155696131,41.7814671027553,200.578854824424));
#2112=CARTESIAN_POINT('',(-75.1362712785409,62.5168464020162,208.707466585711));
#2113=CARTESIAN_POINT('',(-75.1362712785409,62.3617331151957,209.133636838708));
#2114=CARTESIAN_POINT('',(-75.1362712785409,62.01971297187,210.073329459494));
#2115=CARTESIAN_POINT('',(-75.1362712785409,62.3617331151957,209.133636838708));
#2116=CARTESIAN_POINT('',(-39.7141155696131,41.0974268161039,202.458240065995));
#2117=CARTESIAN_POINT('Origin',(-114.,33.3680740024392,197.516630166728));
#2118=CARTESIAN_POINT('',(9.49999999999989,3.31595971334863,186.578555088733));
#2119=CARTESIAN_POINT('',(9.49999999999989,-4.50718858699933,183.731161969156));
#2120=CARTESIAN_POINT('',(-237.5,3.31595971334863,186.578555088733));
#2121=CARTESIAN_POINT('',(-114.,3.31595971334863,186.578555088733));
#2122=CARTESIAN_POINT('',(-237.5,10.1166222556236,189.05379382741));
#2123=CARTESIAN_POINT('',(-237.5,-4.50718858699933,183.731161969156));
#2124=CARTESIAN_POINT('',(-235.16083004518,14.0945291945271,190.501633547852));
#2125=CARTESIAN_POINT('Origin',(-232.5,10.1166222556236,189.05379382741));
#2126=CARTESIAN_POINT('',(-152.863728721459,62.7037532585213,208.193944217922));
#2127=CARTESIAN_POINT('',(-142.785884430387,68.6562860129839,210.360488959041));
#2128=CARTESIAN_POINT('',(-133.43186436073,62.7037532585213,208.193944217922));
#2129=CARTESIAN_POINT('',(-169.,28.8748189102286,195.881219058198));
#2130=CARTESIAN_POINT('Origin',(-154.,28.8748189102286,195.881219058198));
#2131=CARTESIAN_POINT('',(-89.,28.8748189102286,195.881219058198));
#2132=CARTESIAN_POINT('Origin',(-74.,28.8748189102286,195.881219058198));
#2133=CARTESIAN_POINT('',(-112.95,25.4453308886084,194.632987499556));
#2134=CARTESIAN_POINT('',(-112.95,44.3331525664052,201.507592380402));
#2135=CARTESIAN_POINT('',(-112.95,38.8506132844222,199.512111273565));
#2136=CARTESIAN_POINT('',(-115.05,44.3331525664052,201.507592380402));
#2137=CARTESIAN_POINT('',(-114.525,44.3331525664052,201.507592380402));
#2138=CARTESIAN_POINT('',(-115.05,25.4453308886084,194.632987499556));
#2139=CARTESIAN_POINT('',(-115.05,29.4067024455238,196.074808833142));
#2140=CARTESIAN_POINT('',(-113.475,25.4453308886084,194.632987499556));
#2141=CARTESIAN_POINT('Origin',(-232.5,9.77460211229793,189.993486448196));
#2142=CARTESIAN_POINT('',(-237.5,9.43258196897226,190.933179068982));
#2143=CARTESIAN_POINT('',(-237.5,9.77460211229793,189.993486448196));
#2144=CARTESIAN_POINT('',(-235.16083004518,13.4104889078758,192.381018789424));
#2145=CARTESIAN_POINT('Origin',(-232.5,9.43258196897227,190.933179068982));
#2146=CARTESIAN_POINT('',(-235.16083004518,13.7525090512014,191.441326168638));
#2147=CARTESIAN_POINT('Origin',(-237.5,66.462523741665,209.562024791225));
#2148=CARTESIAN_POINT('',(-237.5,2.63191942669732,188.457940330305));
#2149=CARTESIAN_POINT('',(-237.5,3.20480316676779,186.883955190488));
#2150=CARTESIAN_POINT('',(-237.5,2.63191942669732,188.457940330305));
#2151=CARTESIAN_POINT('Origin',(-141.5,89.5506089628662,140.280423187202));
#2152=CARTESIAN_POINT('',(-146.5,91.429994204438,140.964463473853));
#2153=CARTESIAN_POINT('',(-141.5,93.1400949210663,136.266000369924));
#2154=CARTESIAN_POINT('Origin',(-141.5,91.4299942044381,140.964463473853));
#2155=CARTESIAN_POINT('',(-141.5,91.2607096794945,135.581960083272));
#2156=CARTESIAN_POINT('',(-141.5,91.2607096794945,135.581960083272));
#2157=CARTESIAN_POINT('',(-146.5,89.5506089628662,140.280423187202));
#2158=CARTESIAN_POINT('Origin',(-141.5,89.5506089628662,140.280423187202));
#2159=CARTESIAN_POINT('',(-146.5,89.5506089628662,140.280423187202));
#2160=CARTESIAN_POINT('Origin',(-114.,76.7005143281488,175.585768033944));
#2161=CARTESIAN_POINT('',(-86.5,91.2607096794945,135.581960083272));
#2162=CARTESIAN_POINT('',(-146.5,91.2607096794945,135.581960083272));
#2163=CARTESIAN_POINT('',(-81.5,89.5506089628662,140.280423187202));
#2164=CARTESIAN_POINT('Origin',(-86.5,89.5506089628662,140.280423187202));
#2165=CARTESIAN_POINT('',(-81.5000000000001,65.2671787867445,206.998599263002));
#2166=CARTESIAN_POINT('',(-81.5,65.2671787867445,206.998599263002));
#2167=CARTESIAN_POINT('',(-146.5,65.2671787867445,206.998599263002));
#2168=CARTESIAN_POINT('',(-114.,65.2671787867445,206.998599263002));
#2169=CARTESIAN_POINT('',(-146.5,65.2671787867445,206.998599263002));
#2170=CARTESIAN_POINT('',(-112.95,68.687380220001,197.601673055143));
#2171=CARTESIAN_POINT('',(-112.95,73.8518843842185,183.412314481275));
#2172=CARTESIAN_POINT('',(-112.95,75.2761993561836,179.49904125761));
#2173=CARTESIAN_POINT('',(-115.05,73.8518843842185,183.412314481275));
#2174=CARTESIAN_POINT('',(-114.525,73.8518843842185,183.412314481275));
#2175=CARTESIAN_POINT('',(-115.05,68.687380220001,197.601673055143));
#2176=CARTESIAN_POINT('',(-115.05,72.6939472740749,186.593720544543));
#2177=CARTESIAN_POINT('',(-113.475,68.687380220001,197.601673055143));
#2178=CARTESIAN_POINT('',(-132.25,70.739501079955,191.963517330427));
#2179=CARTESIAN_POINT('Origin',(-136.5,70.739501079955,191.963517330427));
#2180=CARTESIAN_POINT('',(-132.25,87.8405082462381,144.978886291132));
#2181=CARTESIAN_POINT('Origin',(-136.5,87.8405082462382,144.978886291132));
#2182=CARTESIAN_POINT('',(-112.95,82.6760040820204,159.168244864999));
#2183=CARTESIAN_POINT('',(-112.95,87.8405082462379,144.978886291131));
#2184=CARTESIAN_POINT('',(-112.95,82.2705112871933,160.282327162538));
#2185=CARTESIAN_POINT('',(-115.05,87.8405082462379,144.978886291131));
#2186=CARTESIAN_POINT('',(-114.525,87.8405082462379,144.978886291131));
#2187=CARTESIAN_POINT('',(-115.05,82.6760040820204,159.168244864999));
#2188=CARTESIAN_POINT('',(-115.05,79.6882592050846,167.377006449472));
#2189=CARTESIAN_POINT('',(-113.475,82.6760040820204,159.168244864999));
#2190=CARTESIAN_POINT('',(-87.25,70.739501079955,191.963517330427));
#2191=CARTESIAN_POINT('Origin',(-91.5,70.739501079955,191.963517330427));
#2192=CARTESIAN_POINT('',(-87.25,87.8405082462381,144.978886291132));
#2193=CARTESIAN_POINT('Origin',(-91.5,87.8405082462382,144.978886291132));
#2194=CARTESIAN_POINT('Origin',(-81.5,91.2607096794945,135.581960083272));
#2195=CARTESIAN_POINT('',(-86.5,93.1400949210663,136.266000369924));
#2196=CARTESIAN_POINT('',(-146.5,93.1400949210663,136.266000369924));
#2197=CARTESIAN_POINT('',(-86.5,91.2607096794945,135.581960083272));
#2198=CARTESIAN_POINT('Origin',(-86.5,89.5506089628662,140.280423187202));
#2199=CARTESIAN_POINT('',(-81.5,91.429994204438,140.964463473853));
#2200=CARTESIAN_POINT('Origin',(-86.5,91.4299942044381,140.964463473853));
#2201=CARTESIAN_POINT('',(-81.5,89.5506089628662,140.280423187202));
#2202=CARTESIAN_POINT('Origin',(4.49999999999999,5.,-7.50000000000003));
#2203=CARTESIAN_POINT('',(9.49999999999999,5.,-9.50000000000003));
#2204=CARTESIAN_POINT('',(4.49999999999999,10.,-9.50000000000003));
#2205=CARTESIAN_POINT('Origin',(4.49999999999999,5.,-9.50000000000003));
#2206=CARTESIAN_POINT('',(4.49999999999999,10.,-7.50000000000003));
#2207=CARTESIAN_POINT('',(4.49999999999999,10.,-7.50000000000003));
#2208=CARTESIAN_POINT('',(9.50000000000003,5.,-7.50000000000003));
#2209=CARTESIAN_POINT('Origin',(4.49999999999999,5.,-7.50000000000003));
#2210=CARTESIAN_POINT('',(9.49999999999999,5.,-7.50000000000003));
#2211=CARTESIAN_POINT('Origin',(9.49999999999999,10.,-7.50000000000003));
#2212=CARTESIAN_POINT('',(9.50000000000003,4.,-7.50000000000003));
#2213=CARTESIAN_POINT('',(9.50000000000003,-4.32522053201295,-7.50000000000002));
#2214=CARTESIAN_POINT('',(9.49999999999999,4.,-9.50000000000003));
#2215=CARTESIAN_POINT('',(9.49999999999999,4.,-7.82500000000003));
#2216=CARTESIAN_POINT('',(9.49999999999999,4.,-9.50000000000003));
#2217=CARTESIAN_POINT('Origin',(-114.,4.91869486699676,-7.50000000000003));
#2218=CARTESIAN_POINT('',(-232.5,10.,-7.50000000000003));
#2219=CARTESIAN_POINT('',(9.49999999999999,10.,-7.50000000000003));
#2220=CARTESIAN_POINT('',(-237.5,5.,-7.50000000000003));
#2221=CARTESIAN_POINT('Origin',(-232.5,5.,-7.50000000000003));
#2222=CARTESIAN_POINT('',(-237.5,4.,-7.50000000000003));
#2223=CARTESIAN_POINT('',(-237.5,-4.32522053201295,-7.50000000000002));
#2224=CARTESIAN_POINT('',(-114.,4.,-7.50000000000003));
#2225=CARTESIAN_POINT('Origin',(-232.5,5.,-7.50000000000003));
#2226=CARTESIAN_POINT('',(-232.5,10.,-9.50000000000003));
#2227=CARTESIAN_POINT('',(-237.5,5.,-9.50000000000003));
#2228=CARTESIAN_POINT('Origin',(-232.5,5.,-9.50000000000003));
#2229=CARTESIAN_POINT('',(-237.5,5.,-7.50000000000003));
#2230=CARTESIAN_POINT('',(-232.5,10.,-7.50000000000003));
#2231=CARTESIAN_POINT('Origin',(-237.5,-0.162610266006475,-7.50000000000003));
#2232=CARTESIAN_POINT('',(-237.5,4.,-9.50000000000003));
#2233=CARTESIAN_POINT('',(-237.5,-4.32522053201295,-9.50000000000002));
#2234=CARTESIAN_POINT('',(-237.5,4.,-7.82500000000003));
#2235=CARTESIAN_POINT('Origin',(-232.5,0.,177.358644172486));
#2236=CARTESIAN_POINT('',(-237.5,2.,177.358644172486));
#2237=CARTESIAN_POINT('',(-232.782485875706,2.,172.36663037743));
#2238=CARTESIAN_POINT('Origin',(-232.5,2.,177.358644172486));
#2239=CARTESIAN_POINT('',(-232.782485875706,0.,172.36663037743));
#2240=CARTESIAN_POINT('',(-232.782485875706,0.,172.36663037743));
#2241=CARTESIAN_POINT('',(-237.5,0.,177.358644172486));
#2242=CARTESIAN_POINT('Origin',(-232.5,0.,177.358644172486));
#2243=CARTESIAN_POINT('',(-237.5,0.,177.358644172486));
#2244=CARTESIAN_POINT('Origin',(-114.,0.,89.));
#2245=CARTESIAN_POINT('',(-232.782485875706,0.,5.63336962256967));
#2246=CARTESIAN_POINT('Origin',(-237.5,0.,89.));
#2247=CARTESIAN_POINT('',(-237.5,0.,0.641355827513976));
#2248=CARTESIAN_POINT('Origin',(-232.5,0.,0.641355827513959));
#2249=CARTESIAN_POINT('',(-237.5,0.,-5.50000000000003));
#2250=CARTESIAN_POINT('',(-237.5,0.,187.5));
#2251=CARTESIAN_POINT('',(9.49999999999999,0.,-5.50000000000003));
#2252=CARTESIAN_POINT('',(-52.25,0.,-5.50000000000002));
#2253=CARTESIAN_POINT('',(9.50000000000001,0.,0.641355827513959));
#2254=CARTESIAN_POINT('',(9.50000000000001,0.,-9.50000000000001));
#2255=CARTESIAN_POINT('',(4.78248587570623,0.,5.63336962256967));
#2256=CARTESIAN_POINT('Origin',(4.50000000000001,0.,0.641355827513959));
#2257=CARTESIAN_POINT('',(4.78248587570622,0.,172.36663037743));
#2258=CARTESIAN_POINT('Origin',(9.50000000000001,0.,89.));
#2259=CARTESIAN_POINT('',(9.50000000000001,0.,177.358644172486));
#2260=CARTESIAN_POINT('Origin',(4.50000000000001,0.,177.358644172486));
#2261=CARTESIAN_POINT('',(9.49999999999999,0.,184.699169847161));
#2262=CARTESIAN_POINT('',(9.50000000000001,0.,-9.50000000000001));
#2263=CARTESIAN_POINT('',(-237.5,0.,184.699169847161));
#2264=CARTESIAN_POINT('',(-175.75,0.,184.699169847161));
#2265=CARTESIAN_POINT('',(-237.5,0.,187.5));
#2266=CARTESIAN_POINT('',(-2.25,0.,178.));
#2267=CARTESIAN_POINT('Origin',(0.,0.,178.));
#2268=CARTESIAN_POINT('',(-230.25,0.,2.75545529808156E-16));
#2269=CARTESIAN_POINT('Origin',(-228.,0.,0.));
#2270=CARTESIAN_POINT('',(-2.25,0.,2.75545529808154E-16));
#2271=CARTESIAN_POINT('Origin',(0.,0.,0.));
#2272=CARTESIAN_POINT('',(-115.05,0.,142.4));
#2273=CARTESIAN_POINT('',(-112.95,0.,142.4));
#2274=CARTESIAN_POINT('',(-115.05,0.,142.4));
#2275=CARTESIAN_POINT('',(-115.05,0.,167.5));
#2276=CARTESIAN_POINT('',(-115.05,0.,167.5));
#2277=CARTESIAN_POINT('',(-112.95,0.,167.5));
#2278=CARTESIAN_POINT('',(-112.95,0.,167.5));
#2279=CARTESIAN_POINT('',(-112.95,0.,142.4));
#2280=CARTESIAN_POINT('',(-115.05,0.,0.499999999999989));
#2281=CARTESIAN_POINT('',(-112.95,0.,0.499999999999989));
#2282=CARTESIAN_POINT('',(-115.05,0.,0.499999999999989));
#2283=CARTESIAN_POINT('',(-115.05,0.,25.6));
#2284=CARTESIAN_POINT('',(-115.05,0.,25.6));
#2285=CARTESIAN_POINT('',(-112.95,0.,25.6));
#2286=CARTESIAN_POINT('',(-112.95,0.,25.6));
#2287=CARTESIAN_POINT('',(-112.95,0.,0.499999999999989));
#2288=CARTESIAN_POINT('',(-115.05,0.,76.45));
#2289=CARTESIAN_POINT('',(-112.95,0.,76.45));
#2290=CARTESIAN_POINT('',(-115.05,0.,76.45));
#2291=CARTESIAN_POINT('',(-115.05,0.,101.55));
#2292=CARTESIAN_POINT('',(-115.05,0.,101.55));
#2293=CARTESIAN_POINT('',(-112.95,0.,101.55));
#2294=CARTESIAN_POINT('',(-112.95,0.,101.55));
#2295=CARTESIAN_POINT('',(-112.95,0.,76.45));
#2296=CARTESIAN_POINT('',(-230.25,0.,178.));
#2297=CARTESIAN_POINT('Origin',(-228.,0.,178.));
#2298=CARTESIAN_POINT('Origin',(-237.5,0.,89.));
#2299=CARTESIAN_POINT('',(-232.782485875706,2.,5.63336962256967));
#2300=CARTESIAN_POINT('Origin',(-237.5,2.,89.));
#2301=CARTESIAN_POINT('',(-232.782485875706,0.,5.63336962256965));
#2302=CARTESIAN_POINT('Origin',(-232.5,0.,0.641355827513959));
#2303=CARTESIAN_POINT('',(-237.5,2.,0.641355827513976));
#2304=CARTESIAN_POINT('Origin',(-232.5,2.,0.641355827513959));
#2305=CARTESIAN_POINT('',(-237.5,0.,0.641355827513959));
#2306=CARTESIAN_POINT('Origin',(4.50000000000001,0.,0.641355827513959));
#2307=CARTESIAN_POINT('',(9.50000000000001,2.,0.641355827513959));
#2308=CARTESIAN_POINT('',(4.78248587570623,2.,5.63336962256967));
#2309=CARTESIAN_POINT('Origin',(4.50000000000001,2.,0.641355827513959));
#2310=CARTESIAN_POINT('',(4.78248587570623,0.,5.63336962256965));
#2311=CARTESIAN_POINT('',(9.50000000000001,0.,0.641355827513959));
#2312=CARTESIAN_POINT('Origin',(9.50000000000001,0.,5.49999999999999));
#2313=CARTESIAN_POINT('',(9.49999999999999,2.,-5.50000000000003));
#2314=CARTESIAN_POINT('',(9.50000000000001,1.,-5.50000000000003));
#2315=CARTESIAN_POINT('',(9.50000000000001,2.,-9.50000000000001));
#2316=CARTESIAN_POINT('Origin',(4.50000000000001,0.,177.358644172486));
#2317=CARTESIAN_POINT('',(4.78248587570622,2.,172.36663037743));
#2318=CARTESIAN_POINT('',(9.50000000000001,2.,177.358644172486));
#2319=CARTESIAN_POINT('Origin',(4.50000000000001,2.,177.358644172486));
#2320=CARTESIAN_POINT('',(9.50000000000001,0.,177.358644172486));
#2321=CARTESIAN_POINT('',(4.78248587570623,0.,172.36663037743));
#2322=CARTESIAN_POINT('Origin',(9.50000000000001,0.,187.5));
#2323=CARTESIAN_POINT('',(9.49999999999999,2.,184.699169847161));
#2324=CARTESIAN_POINT('',(9.50000000000001,2.,-9.50000000000001));
#2325=CARTESIAN_POINT('',(9.50000000000001,1.,184.699169847161));
#2326=CARTESIAN_POINT('Origin',(-91.5,89.719893487809,145.662926577783));
#2327=CARTESIAN_POINT('',(-87.25,89.719893487809,145.662926577783));
#2328=CARTESIAN_POINT('Origin',(-91.5,89.7198934878101,145.662926577783));
#2329=CARTESIAN_POINT('',(-87.25,89.719893487809,145.662926577783));
#2330=CARTESIAN_POINT('Origin',(-91.5,72.6188863215258,192.647557617078));
#2331=CARTESIAN_POINT('',(-87.25,72.6188863215258,192.647557617078));
#2332=CARTESIAN_POINT('Origin',(-91.5,72.6188863215268,192.647557617078));
#2333=CARTESIAN_POINT('',(-87.25,72.6188863215258,192.647557617078));
#2334=CARTESIAN_POINT('Origin',(-112.95,89.7198934878091,145.662926577783));
#2335=CARTESIAN_POINT('',(-112.95,84.5553893235915,159.85228515165));
#2336=CARTESIAN_POINT('',(-112.95,84.5553893235915,159.85228515165));
#2337=CARTESIAN_POINT('',(-112.95,89.7198934878091,145.662926577783));
#2338=CARTESIAN_POINT('',(-112.95,84.1498965287652,160.966367449189));
#2339=CARTESIAN_POINT('',(-112.95,89.7198934878091,145.662926577783));
#2340=CARTESIAN_POINT('Origin',(-115.05,89.7198934878091,145.662926577783));
#2341=CARTESIAN_POINT('',(-115.05,89.7198934878091,145.662926577783));
#2342=CARTESIAN_POINT('',(-114.525,89.7198934878098,145.662926577783));
#2343=CARTESIAN_POINT('',(-115.05,89.7198934878091,145.662926577783));
#2344=CARTESIAN_POINT('Origin',(-115.05,84.5553893235915,159.85228515165));
#2345=CARTESIAN_POINT('',(-115.05,84.5553893235915,159.85228515165));
#2346=CARTESIAN_POINT('',(-115.05,81.5676444466565,168.061046736123));
#2347=CARTESIAN_POINT('',(-115.05,84.5553893235915,159.85228515165));
#2348=CARTESIAN_POINT('Origin',(-112.95,84.5553893235915,159.85228515165));
#2349=CARTESIAN_POINT('',(-113.475,84.5553893235923,159.85228515165));
#2350=CARTESIAN_POINT('Origin',(-136.5,89.7198934878091,145.662926577783));
#2351=CARTESIAN_POINT('',(-132.25,89.7198934878091,145.662926577783));
#2352=CARTESIAN_POINT('Origin',(-136.5,89.7198934878101,145.662926577783));
#2353=CARTESIAN_POINT('',(-132.25,89.7198934878091,145.662926577783));
#2354=CARTESIAN_POINT('Origin',(-136.5,72.6188863215258,192.647557617078));
#2355=CARTESIAN_POINT('',(-132.25,72.6188863215258,192.647557617078));
#2356=CARTESIAN_POINT('Origin',(-136.5,72.6188863215269,192.647557617078));
#2357=CARTESIAN_POINT('',(-132.25,72.6188863215258,192.647557617078));
#2358=CARTESIAN_POINT('Origin',(-112.95,75.7312696257893,184.096354767926));
#2359=CARTESIAN_POINT('',(-112.95,70.5667654615718,198.285713341794));
#2360=CARTESIAN_POINT('',(-112.95,70.5667654615718,198.285713341794));
#2361=CARTESIAN_POINT('',(-112.95,75.7312696257893,184.096354767926));
#2362=CARTESIAN_POINT('',(-112.95,77.1555845977555,180.183081544261));
#2363=CARTESIAN_POINT('',(-112.95,75.7312696257893,184.096354767926));
#2364=CARTESIAN_POINT('Origin',(-115.05,75.7312696257893,184.096354767926));
#2365=CARTESIAN_POINT('',(-115.05,75.7312696257893,184.096354767926));
#2366=CARTESIAN_POINT('',(-114.525,75.7312696257903,184.096354767927));
#2367=CARTESIAN_POINT('',(-115.05,75.7312696257893,184.096354767926));
#2368=CARTESIAN_POINT('Origin',(-115.05,70.5667654615718,198.285713341794));
#2369=CARTESIAN_POINT('',(-115.05,70.5667654615718,198.285713341794));
#2370=CARTESIAN_POINT('',(-115.05,74.5733325156468,187.277760831195));
#2371=CARTESIAN_POINT('',(-115.05,70.5667654615718,198.285713341794));
#2372=CARTESIAN_POINT('Origin',(-112.95,70.5667654615718,198.285713341794));
#2373=CARTESIAN_POINT('',(-113.475,70.5667654615729,198.285713341794));
#2374=CARTESIAN_POINT('Origin',(-114.,4.,-5.50000000000003));
#2375=CARTESIAN_POINT('',(-114.,4.,-9.50000000000003));
#2376=CARTESIAN_POINT('Origin',(9.49999999999999,4.,-5.50000000000003));
#2377=CARTESIAN_POINT('Origin',(-237.5,4.,-5.50000000000003));
#2378=CARTESIAN_POINT('Origin',(9.49999999999999,4.,-7.50000000000003));
#2379=CARTESIAN_POINT('Origin',(9.50000000000003,4.,-5.50000000000003));
#2380=CARTESIAN_POINT('Origin',(-237.5,4.,-9.50000000000003));
#2381=CARTESIAN_POINT('',(-237.5,2.,-5.50000000000003));
#2382=CARTESIAN_POINT('',(-237.5,1.,-5.50000000000003));
#2383=CARTESIAN_POINT('Origin',(-237.5,4.,-5.50000000000003));
#2384=CARTESIAN_POINT('Origin',(-237.5,10.,-7.50000000000003));
#2385=CARTESIAN_POINT('',(9.49999999999999,10.,-9.50000000000003));
#2386=CARTESIAN_POINT('Origin',(-114.,4.,-5.50000000000003));
#2387=CARTESIAN_POINT('',(-52.25,2.,-5.50000000000002));
#2388=CARTESIAN_POINT('Origin',(-114.,4.91869486699676,-9.50000000000003));
#2389=CARTESIAN_POINT('Origin',(-237.5,0.,-9.50000000000003));
#2390=CARTESIAN_POINT('',(-237.5,2.,187.5));
#2391=CARTESIAN_POINT('Origin',(-114.,63.3877935451727,206.31455897635));
#2392=CARTESIAN_POINT('',(-146.5,67.1465640283163,207.682639549653));
#2393=CARTESIAN_POINT('',(-81.5000000000001,67.1465640283163,207.682639549653));
#2394=CARTESIAN_POINT('',(-114.,67.1465640283163,207.682639549653));
#2395=CARTESIAN_POINT('',(-152.863728721459,62.01971297187,210.073329459494));
#2396=CARTESIAN_POINT('Ctrl Pts',(-146.5,67.1465640283162,207.682639549653));
#2397=CARTESIAN_POINT('Ctrl Pts',(-147.409104103066,66.8395674655586,208.52610567368));
#2398=CARTESIAN_POINT('Ctrl Pts',(-148.318208206131,66.2375110329276,209.263651097325));
#2399=CARTESIAN_POINT('Ctrl Pts',(-149.227312309197,65.4727867067379,209.72838152163));
#2400=CARTESIAN_POINT('Ctrl Pts',(-150.439451113284,64.4531542718183,210.34802208737));
#2401=CARTESIAN_POINT('Ctrl Pts',(-151.651589917372,63.1443344705723,210.482658209837));
#2402=CARTESIAN_POINT('Ctrl Pts',(-152.863728721459,62.01971297187,210.073329459494));
#2403=CARTESIAN_POINT('',(-133.43186436073,62.01971297187,210.073329459494));
#2404=CARTESIAN_POINT('Ctrl Pts',(-75.1362712785409,62.01971297187,210.073329459494));
#2405=CARTESIAN_POINT('Ctrl Pts',(-76.0453753816065,62.8631790958967,210.380326022252));
#2406=CARTESIAN_POINT('Ctrl Pts',(-76.9544794846721,63.8151786639841,210.393228453619));
#2407=CARTESIAN_POINT('Ctrl Pts',(-77.8635835877377,64.6627399418473,210.106141356773));
#2408=CARTESIAN_POINT('Ctrl Pts',(-79.0757223918252,65.7928216456649,209.723358560977));
#2409=CARTESIAN_POINT('Ctrl Pts',(-80.2878611959126,66.7372352779728,208.807261048355));
#2410=CARTESIAN_POINT('Ctrl Pts',(-81.5,67.1465640283163,207.682639549653));
#2411=CARTESIAN_POINT('Origin',(-81.5,65.2671787867445,206.998599263002));
#2412=CARTESIAN_POINT('',(-81.5,67.1465640283163,207.682639549653));
#2413=CARTESIAN_POINT('',(-81.5000000000001,65.2671787867445,206.998599263002));
#2414=CARTESIAN_POINT('Ctrl Pts',(-75.1362712785409,62.7037532585213,208.193944217922));
#2415=CARTESIAN_POINT('Ctrl Pts',(-75.1362712785409,62.4757398296376,208.820405965113));
#2416=CARTESIAN_POINT('Ctrl Pts',(-75.1362712785409,62.2477264007538,209.446867712303));
#2417=CARTESIAN_POINT('Ctrl Pts',(-75.1362712785409,62.01971297187,210.073329459494));
#2418=CARTESIAN_POINT('Ctrl Pts',(-76.0453753816065,63.1254863205347,208.347442499301));
#2419=CARTESIAN_POINT('Ctrl Pts',(-76.0453753816065,63.0374229029447,209.025336203005));
#2420=CARTESIAN_POINT('Ctrl Pts',(-76.0453753816065,62.9512425134868,209.702432318548));
#2421=CARTESIAN_POINT('Ctrl Pts',(-76.0453753816065,62.8631790958967,210.380326022252));
#2422=CARTESIAN_POINT('Ctrl Pts',(-78.1666182887596,64.2361524833033,208.362495335897));
#2423=CARTESIAN_POINT('Ctrl Pts',(-78.1666182887596,64.5187861232614,209.04489210019));
#2424=CARTESIAN_POINT('Ctrl Pts',(-78.1666182887596,64.8018777814759,209.72803493115));
#2425=CARTESIAN_POINT('Ctrl Pts',(-78.1666182887596,65.084511421434,210.410431695443));
#2426=CARTESIAN_POINT('Ctrl Pts',(-80.2878611959126,65.0625144115727,207.560910012353));
#2427=CARTESIAN_POINT('Ctrl Pts',(-80.2878611959126,65.6223157119356,207.977781447503));
#2428=CARTESIAN_POINT('Ctrl Pts',(-80.2878611959126,66.1774339776099,208.390389613205));
#2429=CARTESIAN_POINT('Ctrl Pts',(-80.2878611959126,66.7372352779728,208.807261048355));
#2430=CARTESIAN_POINT('Ctrl Pts',(-81.5000000000001,65.2671787867444,206.998599263002));
#2431=CARTESIAN_POINT('Ctrl Pts',(-81.5000000000001,65.8936405339351,207.226612691886));
#2432=CARTESIAN_POINT('Ctrl Pts',(-81.5000000000001,66.5201022811257,207.454626120769));
#2433=CARTESIAN_POINT('Ctrl Pts',(-81.5000000000001,67.1465640283163,207.682639549653));
#2434=CARTESIAN_POINT('Ctrl Pts',(-75.1362712785409,62.7037532585214,208.193944217922));
#2435=CARTESIAN_POINT('Ctrl Pts',(-76.0453753816065,63.1254863205347,208.347442499301));
#2436=CARTESIAN_POINT('Ctrl Pts',(-76.9544794846721,63.6014861045784,208.353893714985));
#2437=CARTESIAN_POINT('Ctrl Pts',(-77.8635835877377,64.02526674351,208.210350166562));
#2438=CARTESIAN_POINT('Ctrl Pts',(-79.0757223918252,64.5903075954188,208.018958768664));
#2439=CARTESIAN_POINT('Ctrl Pts',(-80.2878611959126,65.0625144115727,207.560910012353));
#2440=CARTESIAN_POINT('Ctrl Pts',(-81.5000000000001,65.2671787867445,206.998599263002));
#2441=CARTESIAN_POINT('Ctrl Pts',(-146.5,65.2671787867444,206.998599263002));
#2442=CARTESIAN_POINT('Ctrl Pts',(-146.5,65.8936405339351,207.226612691886));
#2443=CARTESIAN_POINT('Ctrl Pts',(-146.5,66.5201022811256,207.454626120769));
#2444=CARTESIAN_POINT('Ctrl Pts',(-146.5,67.1465640283163,207.682639549653));
#2445=CARTESIAN_POINT('Ctrl Pts',(-147.409104103066,65.1136805053656,207.420332325015));
#2446=CARTESIAN_POINT('Ctrl Pts',(-147.409104103066,65.6895832838068,207.788613506754));
#2447=CARTESIAN_POINT('Ctrl Pts',(-147.409104103066,66.2636646871175,208.157824491941));
#2448=CARTESIAN_POINT('Ctrl Pts',(-147.409104103066,66.8395674655587,208.52610567368));
#2449=CARTESIAN_POINT('Ctrl Pts',(-149.530347010219,64.4112813339628,208.280801985935));
#2450=CARTESIAN_POINT('Ctrl Pts',(-149.530347010219,64.7523541814066,208.935948100241));
#2451=CARTESIAN_POINT('Ctrl Pts',(-149.530347010219,65.0936962753091,209.591898881213));
#2452=CARTESIAN_POINT('Ctrl Pts',(-149.530347010219,65.4347691227529,210.24704499552));
#2453=CARTESIAN_POINT('Ctrl Pts',(-151.651589917372,63.2660640078725,208.398608593094));
#2454=CARTESIAN_POINT('Ctrl Pts',(-151.651589917372,63.2255727145046,209.095401061834));
#2455=CARTESIAN_POINT('Ctrl Pts',(-151.651589917372,63.1848257639401,209.785865741097));
#2456=CARTESIAN_POINT('Ctrl Pts',(-151.651589917372,63.1443344705723,210.482658209838));
#2457=CARTESIAN_POINT('Ctrl Pts',(-152.863728721459,62.7037532585213,208.193944217922));
#2458=CARTESIAN_POINT('Ctrl Pts',(-152.863728721459,62.4757398296376,208.820405965113));
#2459=CARTESIAN_POINT('Ctrl Pts',(-152.863728721459,62.2477264007538,209.446867712304));
#2460=CARTESIAN_POINT('Ctrl Pts',(-152.863728721459,62.01971297187,210.073329459494));
#2461=CARTESIAN_POINT('Ctrl Pts',(-152.863728721459,62.7037532585214,208.193944217922));
#2462=CARTESIAN_POINT('Ctrl Pts',(-151.651589917372,63.2660640078725,208.398608593094));
#2463=CARTESIAN_POINT('Ctrl Pts',(-150.439451113284,63.9204739084955,208.33129053186));
#2464=CARTESIAN_POINT('Ctrl Pts',(-149.227312309197,64.4302901259553,208.02147024899));
#2465=CARTESIAN_POINT('Ctrl Pts',(-148.318208206131,64.8126522890501,207.789105036838));
#2466=CARTESIAN_POINT('Ctrl Pts',(-147.409104103066,65.1136805053657,207.420332325015));
#2467=CARTESIAN_POINT('Ctrl Pts',(-146.5,65.2671787867445,206.998599263002));
#2468=CARTESIAN_POINT('',(-152.863728721459,62.5168464020162,208.707466585711));
#2469=CARTESIAN_POINT('',(-152.863728721459,62.3617331151957,209.133636838708));
#2470=CARTESIAN_POINT('',(-152.863728721459,62.3617331151957,209.133636838708));
#2471=CARTESIAN_POINT('',(-146.5,65.2671787867445,206.998599263002));
#2472=CARTESIAN_POINT('Origin',(-146.5,91.2607096794945,135.581960083272));
#2473=CARTESIAN_POINT('',(-146.5,67.1465640283163,207.682639549653));
#2474=CARTESIAN_POINT('Origin',(-114.,63.3877935451727,206.31455897635));
#2475=CARTESIAN_POINT('Origin',(-114.,78.5798995697206,176.269808320596));
#2476=CARTESIAN_POINT('Origin',(-112.95,43.6491122797538,203.386977621974));
#2477=CARTESIAN_POINT('',(-112.95,24.7612906019571,196.512372741128));
#2478=CARTESIAN_POINT('',(-112.95,24.7612906019571,196.512372741128));
#2479=CARTESIAN_POINT('',(-112.95,43.6491122797538,203.386977621974));
#2480=CARTESIAN_POINT('',(-112.95,38.1665729977708,201.391496515137));
#2481=CARTESIAN_POINT('',(-112.95,43.6491122797538,203.386977621974));
#2482=CARTESIAN_POINT('Origin',(-115.05,43.6491122797538,203.386977621974));
#2483=CARTESIAN_POINT('',(-115.05,43.6491122797538,203.386977621974));
#2484=CARTESIAN_POINT('',(-114.525,43.6491122797538,203.386977621974));
#2485=CARTESIAN_POINT('',(-115.05,43.6491122797538,203.386977621974));
#2486=CARTESIAN_POINT('Origin',(-115.05,24.7612906019571,196.512372741128));
#2487=CARTESIAN_POINT('',(-115.05,24.7612906019571,196.512372741128));
#2488=CARTESIAN_POINT('',(-115.05,28.7226621588725,197.954194074714));
#2489=CARTESIAN_POINT('',(-115.05,24.7612906019571,196.512372741128));
#2490=CARTESIAN_POINT('Origin',(-112.95,24.7612906019571,196.512372741128));
#2491=CARTESIAN_POINT('',(-113.475,24.7612906019571,196.512372741128));
#2492=CARTESIAN_POINT('Origin',(-146.5,65.7784834550136,211.441410032797));
#2493=CARTESIAN_POINT('',(-142.785884430387,67.9722457263326,212.239874200613));
#2494=CARTESIAN_POINT('Origin',(-74.,28.1907786235772,197.76060429977));
#2495=CARTESIAN_POINT('',(-89.,28.1907786235772,197.76060429977));
#2496=CARTESIAN_POINT('Origin',(-74.,28.1907786235772,197.76060429977));
#2497=CARTESIAN_POINT('',(-89.,28.1907786235772,197.76060429977));
#2498=CARTESIAN_POINT('Origin',(-154.,28.1907786235772,197.76060429977));
#2499=CARTESIAN_POINT('',(-169.,28.1907786235772,197.76060429977));
#2500=CARTESIAN_POINT('Origin',(-154.,28.1907786235772,197.76060429977));
#2501=CARTESIAN_POINT('',(-169.,28.1907786235772,197.76060429977));
#2502=CARTESIAN_POINT('Origin',(-114.,32.6840337157878,199.3960154083));
#2503=CARTESIAN_POINT('',(9.49999999999989,2.63191942669732,188.457940330305));
#2504=CARTESIAN_POINT('',(-114.,2.63191942669732,188.457940330305));
#2505=CARTESIAN_POINT('',(9.49999999999989,-5.19122887365064,185.610547210728));
#2506=CARTESIAN_POINT('Origin',(-114.,4.,184.699169847161));
#2507=CARTESIAN_POINT('Origin',(-237.5,4.,184.699169847161));
#2508=CARTESIAN_POINT('Origin',(9.49999999999989,4.,184.699169847161));
#2509=CARTESIAN_POINT('Origin',(9.49999999999989,0.273624263213321,185.471235542231));
#2510=CARTESIAN_POINT('',(9.49999999999989,3.20480316676779,186.883955190488));
#2511=CARTESIAN_POINT('Origin',(-237.5,3.31595971334866,186.578555088733));
#2512=CARTESIAN_POINT('',(-237.5,2.,184.699169847161));
#2513=CARTESIAN_POINT('Origin',(-237.5,4.,184.699169847161));
#2514=CARTESIAN_POINT('',(-237.5,1.,184.699169847161));
#2515=CARTESIAN_POINT('Origin',(9.49999999999989,2.63191942669733,188.457940330305));
#2516=CARTESIAN_POINT('Origin',(9.49999999999989,4.,184.699169847161));
#2517=CARTESIAN_POINT('Origin',(-114.,4.,184.699169847161));
#2518=CARTESIAN_POINT('',(-175.75,2.,184.699169847161));
#2519=CARTESIAN_POINT('Origin',(0.,0.,178.));
#2520=CARTESIAN_POINT('',(-2.25000000000001,2.,178.));
#2521=CARTESIAN_POINT('Origin',(0.,2.,178.));
#2522=CARTESIAN_POINT('',(-2.25,0.,178.));
#2523=CARTESIAN_POINT('Origin',(-228.,0.,0.));
#2524=CARTESIAN_POINT('',(-230.25,2.,0.));
#2525=CARTESIAN_POINT('Origin',(-228.,2.,0.));
#2526=CARTESIAN_POINT('',(-230.25,0.,2.75545529808156E-16));
#2527=CARTESIAN_POINT('Origin',(0.,0.,0.));
#2528=CARTESIAN_POINT('',(-2.25000000000001,2.,0.));
#2529=CARTESIAN_POINT('Origin',(0.,2.,0.));
#2530=CARTESIAN_POINT('',(-2.25,0.,2.75545529808154E-16));
#2531=CARTESIAN_POINT('Origin',(-115.05,0.,167.5));
#2532=CARTESIAN_POINT('',(-115.05,2.,142.4));
#2533=CARTESIAN_POINT('',(-115.05,0.,142.4));
#2534=CARTESIAN_POINT('',(-115.05,2.,167.5));
#2535=CARTESIAN_POINT('',(-115.05,2.,167.5));
#2536=CARTESIAN_POINT('',(-115.05,0.,167.5));
#2537=CARTESIAN_POINT('Origin',(-112.95,0.,167.5));
#2538=CARTESIAN_POINT('',(-112.95,2.,167.5));
#2539=CARTESIAN_POINT('',(-112.95,2.,167.5));
#2540=CARTESIAN_POINT('',(-112.95,0.,167.5));
#2541=CARTESIAN_POINT('Origin',(-112.95,0.,142.4));
#2542=CARTESIAN_POINT('',(-112.95,2.,142.4));
#2543=CARTESIAN_POINT('',(-112.95,2.,142.4));
#2544=CARTESIAN_POINT('',(-112.95,0.,142.4));
#2545=CARTESIAN_POINT('Origin',(-115.05,0.,142.4));
#2546=CARTESIAN_POINT('',(-115.05,2.,142.4));
#2547=CARTESIAN_POINT('Origin',(-115.05,0.,25.6));
#2548=CARTESIAN_POINT('',(-115.05,2.,0.499999999999972));
#2549=CARTESIAN_POINT('',(-115.05,0.,0.499999999999989));
#2550=CARTESIAN_POINT('',(-115.05,2.,25.6));
#2551=CARTESIAN_POINT('',(-115.05,2.,25.6));
#2552=CARTESIAN_POINT('',(-115.05,0.,25.6));
#2553=CARTESIAN_POINT('Origin',(-112.95,0.,25.6));
#2554=CARTESIAN_POINT('',(-112.95,2.,25.6));
#2555=CARTESIAN_POINT('',(-112.95,2.,25.6));
#2556=CARTESIAN_POINT('',(-112.95,0.,25.6));
#2557=CARTESIAN_POINT('Origin',(-112.95,0.,0.499999999999989));
#2558=CARTESIAN_POINT('',(-112.95,2.,0.499999999999972));
#2559=CARTESIAN_POINT('',(-112.95,2.,0.499999999999989));
#2560=CARTESIAN_POINT('',(-112.95,0.,0.499999999999989));
#2561=CARTESIAN_POINT('Origin',(-115.05,0.,0.499999999999989));
#2562=CARTESIAN_POINT('',(-115.05,2.,0.499999999999989));
#2563=CARTESIAN_POINT('Origin',(-115.05,0.,101.55));
#2564=CARTESIAN_POINT('',(-115.05,2.,76.45));
#2565=CARTESIAN_POINT('',(-115.05,0.,76.45));
#2566=CARTESIAN_POINT('',(-115.05,2.,101.55));
#2567=CARTESIAN_POINT('',(-115.05,2.,101.55));
#2568=CARTESIAN_POINT('',(-115.05,0.,101.55));
#2569=CARTESIAN_POINT('Origin',(-112.95,0.,101.55));
#2570=CARTESIAN_POINT('',(-112.95,2.,101.55));
#2571=CARTESIAN_POINT('',(-112.95,2.,101.55));
#2572=CARTESIAN_POINT('',(-112.95,0.,101.55));
#2573=CARTESIAN_POINT('Origin',(-112.95,0.,76.45));
#2574=CARTESIAN_POINT('',(-112.95,2.,76.45));
#2575=CARTESIAN_POINT('',(-112.95,2.,76.45));
#2576=CARTESIAN_POINT('',(-112.95,0.,76.45));
#2577=CARTESIAN_POINT('Origin',(-115.05,0.,76.45));
#2578=CARTESIAN_POINT('',(-115.05,2.,76.45));
#2579=CARTESIAN_POINT('Origin',(-228.,0.,178.));
#2580=CARTESIAN_POINT('',(-230.25,2.,178.));
#2581=CARTESIAN_POINT('Origin',(-228.,2.,178.));
#2582=CARTESIAN_POINT('',(-230.25,0.,178.));
#2583=CARTESIAN_POINT('Origin',(9.50000000000001,0.,89.));
#2584=CARTESIAN_POINT('Origin',(9.50000000000001,2.,89.));
#2585=CARTESIAN_POINT('Origin',(-237.5,0.,172.5));
#2586=CARTESIAN_POINT('',(-237.5,2.,187.5));
#2587=CARTESIAN_POINT('Origin',(-114.,2.,89.));
#2588=UNCERTAINTY_MEASURE_WITH_UNIT(LENGTH_MEASURE(0.01),#2592,
'DISTANCE_ACCURACY_VALUE',
'Maximum model space distance between geometric entities at asserted c
onnectivities');
#2589=UNCERTAINTY_MEASURE_WITH_UNIT(LENGTH_MEASURE(0.01),#2592,
'DISTANCE_ACCURACY_VALUE',
'Maximum model space distance between geometric entities at asserted c
onnectivities');
#2590=(
GEOMETRIC_REPRESENTATION_CONTEXT(3)
GLOBAL_UNCERTAINTY_ASSIGNED_CONTEXT((#2588))
GLOBAL_UNIT_ASSIGNED_CONTEXT((#2592,#2594,#2595))
REPRESENTATION_CONTEXT('','3D')
);
#2591=(
GEOMETRIC_REPRESENTATION_CONTEXT(3)
GLOBAL_UNCERTAINTY_ASSIGNED_CONTEXT((#2589))
GLOBAL_UNIT_ASSIGNED_CONTEXT((#2592,#2594,#2595))
REPRESENTATION_CONTEXT('','3D')
);
#2592=(
LENGTH_UNIT()
NAMED_UNIT(*)
SI_UNIT(.MILLI.,.METRE.)
);
#2593=(
LENGTH_UNIT()
NAMED_UNIT(*)
SI_UNIT($,.METRE.)
);
#2594=(
NAMED_UNIT(*)
PLANE_ANGLE_UNIT()
SI_UNIT($,.RADIAN.)
);
#2595=(
NAMED_UNIT(*)
SI_UNIT($,.STERADIAN.)
SOLID_ANGLE_UNIT()
);
#2596=SHAPE_DEFINITION_REPRESENTATION(#2597,#2598);
#2597=PRODUCT_DEFINITION_SHAPE('',$,#2600);
#2598=SHAPE_REPRESENTATION('',(#1550),#2590);
#2599=PRODUCT_DEFINITION_CONTEXT('part definition',#2604,'design');
#2600=PRODUCT_DEFINITION('2026-08-02-10-12-34-624',
'Solarpanel holder - Part A',#2601,#2599);
#2601=PRODUCT_DEFINITION_FORMATION('',$,#2606);
#2602=PRODUCT_RELATED_PRODUCT_CATEGORY('Solarpanel holder - Part A',
'Solarpanel holder - Part A',(#2606));
#2603=APPLICATION_PROTOCOL_DEFINITION('international standard',
'automotive_design',2009,#2604);
#2604=APPLICATION_CONTEXT(
'Core Data for Automotive Mechanical Design Process');
#2605=PRODUCT_CONTEXT('part definition',#2604,'mechanical');
#2606=PRODUCT('2026-08-02-10-12-34-624','Solarpanel holder - Part A',$,
(#2605));
#2607=PRESENTATION_STYLE_ASSIGNMENT((#2608));
#2608=SURFACE_STYLE_USAGE(.BOTH.,#2609);
#2609=SURFACE_SIDE_STYLE('',(#2610));
#2610=SURFACE_STYLE_FILL_AREA(#2611);
#2611=FILL_AREA_STYLE('Steel - Satin',(#2612));
#2612=FILL_AREA_STYLE_COLOUR('Steel - Satin',#2613);
#2613=COLOUR_RGB('Steel - Satin',0.627450980392157,0.627450980392157,0.627450980392157);
ENDSEC;
END-ISO-10303-21;
